id,link,name,brand,rel_year,rel_decade,notes,occasion,occasion_numbers,scent,longevity,sillage,bottle,value_for_money,season,season_numbers,style,style_numbers,type,type_numbers
422,https://www.parfumo.com/Perfumes/Louis_Vuitton/imagination,Imagination  ,Louis Vuitton,2021,2020,"['Chinese black tea CO2', 'Calabrian bergamot', 'Ambrox', 'Ceylonese cinnamon', 'Nigerian ginger', 'Sicilian cedar', 'Tunisian neroli']","['Daily', 'Sport', 'Leisure', 'Night Out', 'Business', 'Evening']","[24, 13, 23, 12, 18, 10]",8.9,7.8,7.6,8.7,6.3,"['Winter', 'Fall', 'Summer', 'Spring']","[5, 14, 43, 38]","['Masculine', 'Feminine', 'Classic', 'Modern']","[43, 13, 14, 30]","['Citrus', 'Spicy', 'Sweet', 'Green', 'Fruity', 'Fresh', 'Aquatic']","[27, 7, 5, 9, 5, 29, 17]"
423,https://www.parfumo.com/Perfumes/Jean_Paul_Gaultier/le-male-le-parfum,Le Mâle Le Parfum  ,Jean Paul Gaultier,2020,2020,"['Cardamom', 'Iris', 'Lavender', 'Vanilla', 'Oriental woods']","['Daily', 'Leisure', 'Night Out', 'Business', 'Evening']","[13, 18, 30, 9, 30]",8.4,8.1,7.7,8.3,8.2,"['Winter', 'Fall', 'Summer', 'Spring']","[37, 37, 6, 20]","['Masculine', 'Classic', 'Modern']","[51, 16, 33]","['Spicy', 'Sweet', 'Powdery', 'Oriental', 'Woody', 'Gourmand', 'Creamy']","[21, 26, 13, 13, 11, 7, 8]"
424,https://www.parfumo.com/Perfumes/Kilian/angels-share,Angels' Share  ,Kilian,2020,2020,"['Cognac', 'Cinnamon', 'Tonka bean absolute', 'Oak wood absolute', 'Praliné', 'Vanilla', 'Sandalwood']","['Daily', 'Leisure', 'Night Out', 'Business', 'Evening']","[6, 16, 36, 5, 37]",8.7,8.4,8.2,9.1,7.0,"['Winter', 'Fall', 'Spring']","[49, 42, 9]","['Masculine', 'Feminine', 'Classic', 'Modern']","[35, 30, 17, 17]","['Spicy', 'Sweet', 'Oriental', 'Woody', 'Gourmand', 'Creamy']","[20, 27, 9, 12, 26, 6]"
425,https://www.parfumo.com/Perfumes/Xerjoff/torino21,Torino21  ,XerJoff,2021,2020,"['Mint', 'Lemon', 'Basil', 'Thyme', 'Blackcurrant', 'Jasmine', 'Lavender', 'Rosemary', 'Musk', 'Vervain']","['Daily', 'Sport', 'Leisure', 'Night Out', 'Business', 'Evening']","[26, 16, 26, 9, 17, 7]",8.6,7.7,7.5,9.1,7.0,"['Fall', 'Summer', 'Spring']","[7, 52, 41]","['Masculine', 'Feminine', 'Classic', 'Modern']","[40, 17, 13, 29]","['Citrus', 'Spicy', 'Green', 'Fruity', 'Fresh', 'Floral', 'Aquatic']","[27, 7, 20, 5, 28, 5, 9]"
426,https://www.parfumo.com/Perfumes/Dior/sauvage-elixir,Sauvage Elixir  ,Dior,2021,2020,"['Nutmeg', 'Cardamom', 'Cinnamon', 'Grapefruit', 'Provençal lavender', 'Liquorice', 'Amber notes', 'Woods', 'Haitian vetiver', 'Patchouli']","['Daily', 'Leisure', 'Night Out', 'Business', 'Evening']","[13, 17, 28, 13, 29]",8.1,9.1,8.8,8.1,7.1,"['Winter', 'Fall', 'Summer', 'Spring']","[33, 35, 9, 22]","['Masculine', 'Classic', 'Modern']","[52, 27, 21]","['Spicy', 'Synthetic', 'Sweet', 'Oriental', 'Woody', 'Fresh', 'Fougère']","[28, 10, 16, 6, 22, 13, 6]"
427,https://www.parfumo.com/Perfumes/Parfums_de_Marly/althair,Althaïr  ,Parfums de Marly,2023,2020,"['Cinnamon', 'Orange blossom', 'Bergamot', 'Bourbon vanilla', 'Elemi resin', 'Praliné', 'Ambrox', 'Gaiac wood', 'Musk']","['Daily', 'Leisure', 'Night Out', 'Business', 'Evening']","[13, 18, 30, 8, 32]",8.3,8.4,8.1,8.0,6.9,"['Winter', 'Fall', 'Spring']","[44, 43, 13]","['Masculine', 'Feminine', 'Classic', 'Modern']","[40, 18, 15, 27]","['Spicy', 'Sweet', 'Powdery', 'Oriental', 'Woody', 'Gourmand', 'Creamy']","[14, 26, 5, 5, 8, 23, 18]"
428,https://www.parfumo.com/Perfumes/Xerjoff/tony-iommi-monkey-special,Tony Iommi Monkey Special  ,XerJoff,2021,2020,"['Passion fruit', 'Rum', 'Bulgarian geranium', 'Calabrian bergamot', 'Leather', 'Singapore patchouli', 'Bulgarian rose', 'Cinnamon', 'Caramel', 'Ambergris', 'Australian sandalwood', 'Labdanum', 'Musk', 'Tonka bean', 'Vanilla']","['Daily', 'Leisure', 'Night Out', 'Business', 'Evening']","[5, 18, 36, 4, 37]",8.5,9.0,8.7,9.2,7.0,"['Winter', 'Fall', 'Summer', 'Spring']","[38, 39, 6, 17]","['Masculine', 'Feminine', 'Classic', 'Modern']","[48, 9, 23, 19]","['Spicy', 'Sweet', 'Smoky', 'Oriental', 'Leathery', 'Woody', 'Gourmand', 'Fruity']","[19, 19, 8, 7, 18, 11, 7, 12]"
429,https://www.parfumo.com/Perfumes/Lattafa/khamrah,Khamrah  ,Lattafa / لطافة,2022,2020,"['Cinnamon', 'Nutmeg', 'Bergamot', 'Date', 'Praliné', 'Mahonial®', 'Tuberose', 'Roasted tonka bean', 'Vanilla', 'Amberwood', 'Benzoin Siam', 'Akigalawood®', 'Myrrh']","['Daily', 'Leisure', 'Night Out', 'Business', 'Evening']","[9, 18, 33, 5, 35]",8.1,8.5,8.2,8.2,9.3,"['Winter', 'Fall', 'Spring']","[49, 42, 9]","['Masculine', 'Feminine', 'Classic', 'Modern']","[35, 29, 15, 22]","['Spicy', 'Sweet', 'Oriental', 'Woody', 'Gourmand', 'Creamy']","[16, 26, 17, 6, 24, 10]"
430,https://www.parfumo.com/Perfumes/Zara/sunrise-on-the-red-sand-dunes-eau-de-parfum,Sunrise on the Red Sand Dunes ,Zara,2023,2020,"['Bergamot', 'Mandarin orange', 'Amber', 'Blackcurrant', 'Ginger', 'Orange blossom', 'Tonka bean']","['Daily', 'Sport', 'Leisure', 'Night Out', 'Business', 'Evening']","[26, 17, 25, 8, 18, 7]",8.1,6.5,6.5,6.7,9.2,"['Fall', 'Summer', 'Spring']","[12, 47, 41]","['Masculine', 'Feminine', 'Classic', 'Modern']","[40, 17, 11, 32]","['Citrus', 'Synthetic', 'Sweet', 'Fruity', 'Fresh', 'Aquatic']","[27, 9, 11, 19, 27, 6]"
431,https://www.parfumo.com/Perfumes/Jean_Paul_Gaultier/le-male-elixir,Le Mâle Elixir  ,Jean Paul Gaultier,2023,2020,"['Tonka bean', 'Benzoin', 'Lavender', 'Artemisia', 'Bergamot', 'Cinnamon', 'Labdanum', 'Patchouli', 'Spearmint']","['Daily', 'Leisure', 'Night Out', 'Business', 'Evening']","[9, 20, 33, 5, 33]",8.3,8.6,8.3,8.6,8.1,"['Winter', 'Fall', 'Spring']","[43, 40, 16]","['Masculine', 'Feminine', 'Classic', 'Modern']","[46, 8, 10, 35]","['Spicy', 'Synthetic', 'Sweet', 'Powdery', 'Oriental', 'Gourmand', 'Creamy']","[14, 6, 28, 8, 6, 22, 16]"
432,https://www.parfumo.com/Perfumes/marc-gebauer/orange-flamingo,Orange Flamingo  ,Marc Gebauer,2021,2020,"['Orange blossom', 'Orange', 'Bergamot', 'Lily of the valley', 'Jasmine', 'Rose', 'Cedarwood', 'Clove', 'Musk', 'Woody notes']","['Daily', 'Sport', 'Leisure', 'Night Out', 'Business', 'Evening']","[25, 11, 25, 11, 18, 9]",8.0,9.0,8.5,6.9,7.1,"['Winter', 'Fall', 'Summer', 'Spring']","[7, 15, 40, 38]","['Masculine', 'Feminine', 'Classic', 'Modern']","[35, 27, 14, 24]","['Citrus', 'Sweet', 'Fruity', 'Fresh', 'Creamy', 'Floral']","[16, 10, 19, 25, 6, 23]"
433,https://www.parfumo.com/Perfumes/Yves_Saint_Laurent/la-nuit-de-l-homme-bleu-electrique,La Nuit de L'Homme Bleu Électrique  ,Yves Saint Laurent,2021,2020,"['Cardamom', 'Ginger', 'Bergamot', 'French lavender', 'Geranium', 'Cedarwood', 'Vetiver']","['Daily', 'Leisure', 'Night Out', 'Business', 'Evening']","[18, 20, 24, 14, 25]",8.5,7.2,7.0,7.8,7.7,"['Winter', 'Fall', 'Summer', 'Spring']","[23, 31, 17, 29]","['Masculine', 'Feminine', 'Classic', 'Modern']","[47, 4, 16, 32]","['Spicy', 'Synthetic', 'Sweet', 'Oriental', 'Woody', 'Fresh', 'Floral']","[26, 7, 24, 5, 11, 21, 6]"
434,https://www.parfumo.com/Perfumes/Essential_Parfums/bois-imperial-eau-de-parfum-1,Bois Impérial ,Essential Parfums,2020,2020,"['Akigalawood®', 'Ambrofix', 'Georgywood®', 'Thai basil', 'Nepalese sichuan pepper', 'Grapefruit', 'Haitian vetiver', 'Petalia®', 'Indonesian patchouli']","['Daily', 'Sport', 'Leisure', 'Night Out', 'Business', 'Evening']","[25, 9, 23, 11, 21, 11]",8.1,8.6,8.2,7.3,8.8,"['Winter', 'Fall', 'Summer', 'Spring']","[15, 27, 27, 31]","['Masculine', 'Feminine', 'Classic', 'Modern']","[43, 12, 18, 27]","['Citrus', 'Spicy', 'Synthetic', 'Woody', 'Green', 'Fresh']","[7, 15, 20, 24, 10, 24]"
435,https://www.parfumo.com/Perfumes/Initio/musk-therapy-extrait-de-parfum,Musk Therapy ,Initio,2021,2020,"['White musk', 'Mandarin orange', 'Blackcurrant', 'Pink musk', 'Bergamot', 'Indian sandalwood', 'Magnolia']","['Daily', 'Sport', 'Leisure', 'Night Out', 'Business', 'Evening']","[25, 6, 25, 12, 20, 12]",8.2,8.0,7.3,8.5,6.5,"['Winter', 'Fall', 'Summer', 'Spring']","[14, 23, 29, 33]","['Masculine', 'Feminine', 'Classic', 'Modern']","[22, 41, 14, 23]","['Citrus', 'Sweet', 'Powdery', 'Fruity', 'Fresh', 'Creamy', 'Floral']","[8, 16, 9, 15, 17, 23, 12]"
436,https://www.parfumo.com/Perfumes/Missoni/missoni-wave,Missoni Wave  ,Missoni,2020,2020,"['Italian mandarin orange', 'Marine notes', 'Clary sage', 'Egyptian  pelargonium', 'Lavender', 'Rosemary', 'Vanilla orchid', 'Haitian vetiver', 'Oakmoss', 'Patchouli']","['Daily', 'Sport', 'Leisure', 'Night Out', 'Business', 'Evening']","[25, 20, 25, 6, 19, 5]",8.0,7.3,7.0,8.0,9.0,"['Fall', 'Summer', 'Spring']","[13, 47, 40]","['Masculine', 'Feminine', 'Classic', 'Modern']","[47, 5, 12, 35]","['Citrus', 'Synthetic', 'Sweet', 'Fresh', 'Creamy', 'Aquatic']","[21, 6, 9, 27, 12, 25]"
437,https://www.parfumo.com/Perfumes/Giorgio_Armani/acqua-di-gio-profondo-2020-eau-de-parfum,Acqua di Giò Profondo ,Giorgio Armani,2020,2020,"['Aquozone', 'Bergamot', 'Brazilian green mandarin orange', 'Mastic absolute', 'Cypress', 'Lavender', 'Rosemary', 'Mineral amber', 'Musk', 'Guatemala patchouly']","['Daily', 'Sport', 'Leisure', 'Night Out', 'Business', 'Evening']","[24, 16, 24, 8, 20, 7]",7.6,6.8,6.6,7.6,7.0,"['Winter', 'Fall', 'Summer', 'Spring']","[6, 14, 42, 38]","['Masculine', 'Classic', 'Modern']","[48, 20, 32]","['Citrus', 'Spicy', 'Synthetic', 'Woody', 'Green', 'Fresh', 'Aquatic']","[17, 8, 10, 6, 5, 26, 27]"
438,https://www.parfumo.com/Perfumes/Louis_Vuitton/pacific-chill,Pacific Chill  ,Louis Vuitton,2023,2020,"['Apricot', 'Orange', 'Peppermint', 'Ambrette seed', 'Basil', 'Blackcurrant', 'Citron', 'Date', 'Fig', 'Lemon', 'Carrot seed', 'Coriander seed', 'May rose']","['Daily', 'Sport', 'Leisure', 'Night Out', 'Business', 'Evening']","[25, 14, 26, 11, 15, 9]",8.3,6.8,6.8,9.0,5.8,"['Fall', 'Summer', 'Spring']","[6, 54, 39]","['Masculine', 'Feminine', 'Classic', 'Modern']","[34, 27, 8, 31]","['Citrus', 'Sweet', 'Green', 'Fruity', 'Fresh', 'Aquatic']","[20, 16, 11, 24, 23, 7]"
439,https://www.parfumo.com/Perfumes/Givenchy/gentleman-givenchy-reserve-privee,Gentleman Givenchy Réserve Privée  ,Givenchy,2022,2020,"['Scotch whisky absolute', 'Italian bergamot', 'Chestnut', 'Italian iris concrete', 'Benzoin Siam', 'Indonesian patchouli', 'Virginia cedar', 'Haitian vetiver']","['Daily', 'Leisure', 'Night Out', 'Business', 'Evening']","[10, 16, 30, 11, 33]",8.3,7.9,7.5,8.0,7.9,"['Winter', 'Fall', 'Spring']","[42, 43, 15]","['Masculine', 'Classic', 'Modern']","[51, 30, 19]","['Spicy', 'Sweet', 'Powdery', 'Woody', 'Gourmand', 'Creamy']","[20, 22, 19, 17, 10, 12]"
440,https://www.parfumo.com/Perfumes/Parfums_de_Marly/greenley,Greenley  ,Parfums de Marly,2020,2020,"['Green apple', 'Cashmere wood', 'Mandarin orange', 'Sicilian bergamot', 'Pomarose®', 'Cedarwood', 'Petitgrain', 'Violet', 'Amberwood', 'Musk', 'Oakmoss']","['Daily', 'Sport', 'Leisure', 'Night Out', 'Business', 'Evening']","[26, 16, 26, 7, 19, 6]",7.8,7.4,7.1,8.5,6.3,"['Fall', 'Summer', 'Spring']","[15, 43, 42]","['Masculine', 'Feminine', 'Classic', 'Modern']","[44, 10, 19, 28]","['Citrus', 'Spicy', 'Synthetic', 'Sweet', 'Woody', 'Green', 'Fruity', 'Fresh']","[15, 5, 6, 5, 11, 20, 15, 22]"
441,https://www.parfumo.com/Perfumes/Dior/dior-homme-2020-eau-de-toilette,Dior Homme ,Dior,2020,2020,"['Bergamot', 'Elemi resin', 'Pink pepper', 'Atlas cedar', 'Patchouli', 'Haitian vetiver', 'Musk']","['Daily', 'Sport', 'Leisure', 'Night Out', 'Business', 'Evening']","[24, 7, 22, 12, 22, 13]",7.7,7.2,6.8,8.2,7.3,"['Winter', 'Fall', 'Summer', 'Spring']","[17, 29, 23, 31]","['Masculine', 'Classic', 'Modern']","[49, 25, 27]","['Citrus', 'Spicy', 'Synthetic', 'Woody', 'Resinous', 'Fresh']","[15, 19, 8, 29, 5, 24]"
442,https://www.parfumo.com/Perfumes/Clive_Christian/xxi-art-deco-blonde-amber,XXI: Art Deco - Blonde Amber  ,Clive Christian,2022,2020,"['Amber', 'Dried fruits', 'Tonka bean', 'Blond tobacco', 'Tuberose', 'Bitter orange', 'Jasmine']","['Daily', 'Leisure', 'Night Out', 'Business', 'Evening']","[7, 13, 37, 6, 36]",9.0,8.4,8.1,8.9,5.2,"['Winter', 'Fall', 'Summer', 'Spring']","[36, 38, 7, 20]","['Masculine', 'Feminine', 'Classic', 'Modern']","[40, 19, 20, 21]","['Spicy', 'Sweet', 'Oriental', 'Woody', 'Resinous', 'Gourmand', 'Fruity', 'Creamy', 'Floral']","[18, 23, 11, 6, 6, 7, 7, 15, 7]"
443,https://www.parfumo.com/Perfumes/Giorgio_Armani/emporio-armani-stronger-with-you-absolutely,Emporio Armani - Stronger With You Absolutely  ,Giorgio Armani,2021,2020,"['Rum', 'Elemi resin', 'Bergamot', 'Davana', 'Lavender', 'Marron glacé', 'Bourbon vanilla', 'Cedarwood', 'Patchouli']","['Daily', 'Leisure', 'Night Out', 'Business', 'Evening']","[9, 16, 33, 6, 36]",8.3,8.4,8.2,7.7,8.0,"['Winter', 'Fall', 'Spring']","[47, 43, 10]","['Masculine', 'Feminine', 'Classic', 'Modern']","[48, 6, 17, 29]","['Spicy', 'Sweet', 'Oriental', 'Woody', 'Resinous', 'Gourmand']","[19, 28, 11, 13, 6, 23]"
444,https://www.parfumo.com/Perfumes/Versace/eros-eau-de-parfum,Eros ,Versace,2020,2020,"['Italian lemon', 'Spearmint', 'Candied apple', 'Italian mandarin orange', 'Ambermax®', 'Clary sage', 'Geranium', 'Patchouli Orpur®', 'Sandalwood', 'Vanilla', 'Virginia cedar', 'Vetiver Orpur®', 'Leather']","['Daily', 'Sport', 'Leisure', 'Night Out', 'Business', 'Evening']","[16, 7, 21, 24, 9, 22]",7.8,7.7,7.6,8.1,7.8,"['Winter', 'Fall', 'Summer', 'Spring']","[19, 26, 25, 30]","['Masculine', 'Classic', 'Modern']","[48, 8, 44]","['Citrus', 'Spicy', 'Synthetic', 'Sweet', 'Fruity', 'Fresh']","[18, 6, 12, 24, 16, 24]"
445,https://www.parfumo.com/Perfumes/Parfums_de_Marly/haltane,Haltane  ,Parfums de Marly,2021,2020,"['Clary sage', 'Lavender', 'Bergamot', 'Saffron', 'Praliné', 'Cedarwood', 'Elder wood', 'Musk', 'Oud', 'Leather', 'Patchouli', 'Vetiver']","['Daily', 'Leisure', 'Night Out', 'Business', 'Evening']","[12, 17, 29, 11, 31]",8.3,8.3,8.0,8.5,6.7,"['Winter', 'Fall', 'Summer', 'Spring']","[36, 38, 5, 20]","['Masculine', 'Feminine', 'Classic', 'Modern']","[51, 4, 30, 15]","['Spicy', 'Sweet', 'Oriental', 'Leathery', 'Woody', 'Resinous', 'Green']","[23, 16, 17, 10, 23, 6, 5]"
446,https://www.parfumo.com/Perfumes/marc-gebauer/air-tiger,Air Tiger  ,Marc Gebauer,2021,2020,"['Juniper', 'Cardamom', 'Sicilian lemon', 'Leather', 'Patchouli', 'Cedar', 'Iris', 'Labdanum', 'Woods', 'Amber', 'Benzoin']","['Daily', 'Leisure', 'Night Out', 'Business', 'Evening']","[8, 19, 30, 8, 35]",7.0,9.7,9.6,6.8,7.4,"['Winter', 'Fall', 'Summer', 'Spring']","[37, 37, 7, 19]","['Masculine', 'Classic', 'Modern']","[55, 32, 13]","['Spicy', 'Smoky', 'Oriental', 'Leathery', 'Woody', 'Resinous', 'Earthy', 'Animal']","[20, 13, 9, 17, 18, 9, 8, 6]"
447,https://www.parfumo.com/Perfumes/Jean_Paul_Gaultier/le-beau-le-parfum,Le Beau Le Parfum  ,Jean Paul Gaultier,2022,2020,"['Coconut', 'Pineapple', 'Ambergris', 'Sandalwood', 'Tonka bean', 'Cypress', 'Ginger', 'Iris', 'Patchouli']","['Daily', 'Sport', 'Leisure', 'Night Out', 'Business', 'Evening']","[20, 4, 26, 22, 7, 22]",8.0,8.1,7.8,8.8,7.9,"['Winter', 'Fall', 'Summer', 'Spring']","[9, 19, 38, 33]","['Masculine', 'Feminine', 'Classic', 'Modern']","[48, 6, 6, 40]","['Synthetic', 'Sweet', 'Woody', 'Fruity', 'Fresh', 'Creamy']","[12, 27, 7, 23, 15, 16]"
448,https://www.parfumo.com/Perfumes/Maison_Crivelli/oud-maracuja,Oud Maracujá  ,Maison Crivelli,2023,2020,"['Passion fruit', 'Leather', 'Oud', 'Akigalawood®', 'Saffron', 'Siam benzoin Orpur®', 'Spanish cistus absolute Orpur®', 'Turkish rose absolute Orpur®', 'Indonesian patchouli Orpur®', 'Vanilla']","['Daily', 'Leisure', 'Night Out', 'Business', 'Evening']","[6, 19, 35, 4, 35]",8.3,9.2,8.9,7.6,7.0,"['Winter', 'Fall', 'Summer', 'Spring']","[34, 35, 9, 21]","['Masculine', 'Feminine', 'Classic', 'Modern']","[46, 12, 19, 23]","['Spicy', 'Sweet', 'Smoky', 'Oriental', 'Leathery', 'Woody', 'Fruity', 'Animal']","[12, 8, 7, 13, 18, 15, 21, 6]"
449,https://www.parfumo.com/Perfumes/Amouage/reflection-45,Reflection 45  ,Amouage,2021,2020,"['Benzoin', 'Cardamom', 'Clary sage', 'Pink pepper', 'Lavender', 'Juniper berry', 'Iris', 'Jasmine', 'Neroli', 'Angelica', 'Tonka bean', 'Vanilla', 'Sandalwood', 'Cedarwood', 'Frankincense', 'Myrrh', 'Opoponax', 'Patchouli', 'Vetiver']","['Daily', 'Leisure', 'Night Out', 'Business', 'Evening']","[19, 19, 22, 18, 22]",8.8,8.8,7.8,9.3,6.0,"['Winter', 'Fall', 'Summer', 'Spring']","[24, 30, 18, 29]","['Masculine', 'Feminine', 'Classic', 'Modern']","[46, 6, 27, 21]","['Spicy', 'Sweet', 'Powdery', 'Oriental', 'Woody', 'Resinous', 'Fresh', 'Creamy', 'Floral']","[15, 7, 16, 5, 14, 5, 11, 7, 19]"
450,https://www.parfumo.com/Perfumes/Hermes/h24-eau-de-toilette,H24 ,Hermès,2021,2020,"['Clary sage', 'Sclarene', 'Narcissus absolute', 'Rosewood']","['Daily', 'Sport', 'Leisure', 'Night Out', 'Business', 'Evening']","[26, 13, 26, 6, 23, 7]",7.4,7.1,6.7,7.3,6.9,"['Winter', 'Fall', 'Summer', 'Spring']","[6, 20, 36, 38]","['Masculine', 'Feminine', 'Classic', 'Modern']","[45, 11, 20, 24]","['Citrus', 'Spicy', 'Synthetic', 'Woody', 'Green', 'Fruity', 'Fresh', 'Floral']","[11, 7, 9, 11, 21, 6, 23, 10]"
451,https://www.parfumo.com/Perfumes/bdk_Parfums/gris-charnel-extrait,Gris Charnel ,bdk Parfums,2022,2020,"['Cardamom', 'Fig', 'Black tea', 'Iris tingitana absolute', 'Bourbon vetiver', 'Cistus', 'Bourbon vanilla absolute', 'Indonesian patchouli', 'American cedar', 'Brazilian tonka bean absolute', 'Sandalwood']","['Daily', 'Leisure', 'Night Out', 'Business', 'Evening']","[13, 19, 28, 12, 28]",8.5,8.5,8.0,8.2,7.2,"['Winter', 'Fall', 'Summer', 'Spring']","[35, 38, 5, 21]","['Masculine', 'Feminine', 'Classic', 'Modern']","[37, 26, 18, 19]","['Spicy', 'Sweet', 'Smoky', 'Powdery', 'Woody', 'Fruity', 'Creamy']","[23, 19, 10, 6, 20, 6, 17]"
452,https://www.parfumo.com/Perfumes/Yves_Saint_Laurent/libre-eau-de-parfum-intense,Libre ,Yves Saint Laurent,2020,2020,"['Bergamot', 'French lavender', 'Mandarin orange', 'Lavender', 'Moroccan orange blossom absolute', 'Jasmine sambac absolute', 'Orchid', 'Venezuelan tonka bean absolute', 'Bourbon vanilla', 'Ambergris', 'Vetiver']","['Daily', 'Leisure', 'Night Out', 'Business', 'Evening']","[13, 17, 30, 11, 29]",8.2,8.4,8.1,8.7,8.0,"['Winter', 'Fall', 'Summer', 'Spring']","[34, 38, 8, 20]","['Masculine', 'Feminine', 'Classic', 'Modern']","[7, 49, 20, 25]","['Spicy', 'Sweet', 'Powdery', 'Oriental', 'Gourmand', 'Fruity', 'Creamy', 'Floral']","[14, 25, 6, 11, 5, 5, 13, 21]"
453,https://www.parfumo.com/Perfumes/Lattafa/liam,Liam  ,Lattafa / لطافة,2023,2020,"['Cardamom', 'Black tea', 'Fig', 'Labdanum', 'Iris', 'Vetiver', 'Vanilla', 'Sandalwood', 'Tonka bean', 'Patchouli']","['Daily', 'Leisure', 'Night Out', 'Business', 'Evening']","[21, 22, 18, 18, 21]",8.3,7.8,7.4,7.2,9.3,"['Winter', 'Fall', 'Summer', 'Spring']","[25, 33, 12, 29]","['Masculine', 'Feminine', 'Classic', 'Modern']","[36, 23, 15, 25]","['Spicy', 'Sweet', 'Powdery', 'Oriental', 'Woody', 'Fruity', 'Fresh', 'Creamy']","[19, 22, 11, 6, 9, 6, 5, 22]"
454,https://www.parfumo.com/Perfumes/Xerjoff/torino22,Torino22  ,XerJoff,2022,2020,"['Saffron', 'Eucalyptus', 'Bergamot', 'Clary sage', 'Maté', 'Gaiac wood', 'Musk', 'Dry woods']","['Daily', 'Sport', 'Leisure', 'Night Out', 'Business', 'Evening']","[20, 4, 21, 20, 15, 19]",8.2,8.3,7.9,9.1,7.1,"['Winter', 'Fall', 'Summer', 'Spring']","[20, 28, 22, 30]","['Masculine', 'Feminine', 'Classic', 'Modern']","[42, 21, 13, 24]","['Citrus', 'Spicy', 'Sweet', 'Woody', 'Green', 'Fresh', 'Creamy']","[5, 22, 23, 17, 6, 17, 9]"
455,https://www.parfumo.com/Perfumes/Parfums_de_Marly/perseus,Perseus  ,Parfums de Marly,2024,2020,"['Grapefruit', 'Bergamot', 'Blackcurrant bud', 'Vetiver', 'Geranium', 'Green mandarin orange', 'Cashmere wood', 'Dry woods', 'Ambergris']","['Daily', 'Sport', 'Leisure', 'Night Out', 'Business', 'Evening']","[24, 14, 25, 10, 19, 8]",7.6,7.8,7.4,8.2,6.1,"['Fall', 'Summer', 'Spring']","[15, 45, 40]","['Masculine', 'Feminine', 'Classic', 'Modern']","[44, 11, 17, 28]","['Citrus', 'Spicy', 'Woody', 'Green', 'Fruity', 'Fresh']","[27, 7, 16, 12, 14, 25]"
456,https://www.parfumo.com/Perfumes/Yves_Saint_Laurent/le-vestiaire-babycat,Le Vestiaire - Babycat  ,Yves Saint Laurent,2022,2020,"['Elemi resin', 'Black pepper', 'Pink pepper', 'Frankincense', 'Frankincense resin', 'Saffron', 'Vanilla', 'Suede', 'Cedarwood']","['Daily', 'Leisure', 'Night Out', 'Business', 'Evening']","[8, 17, 33, 7, 35]",8.3,8.5,8.1,8.3,6.9,"['Winter', 'Fall', 'Spring']","[43, 44, 13]","['Masculine', 'Feminine', 'Classic', 'Modern']","[31, 34, 19, 16]","['Spicy', 'Sweet', 'Smoky', 'Oriental', 'Leathery', 'Woody', 'Resinous', 'Gourmand', 'Creamy']","[16, 19, 17, 7, 11, 7, 13, 6, 5]"
457,https://www.parfumo.com/Perfumes/Givenchy/l-interdit-eau-de-parfum-rouge,L'Interdit ,Givenchy,2021,2020,"['Sicilian blood orange', 'Ginger', 'Pimento leaf', 'Tuberose', 'Indian jasmine sambac absolute', 'Tunisian orange blossom absolute', 'New Caledonian sandalwood', 'Indonesian patchouli']","['Daily', 'Leisure', 'Night Out', 'Business', 'Evening']","[11, 16, 32, 8, 33]",8.4,8.5,8.2,8.3,8.1,"['Winter', 'Fall', 'Summer', 'Spring']","[38, 39, 8, 16]","['Masculine', 'Feminine', 'Classic', 'Modern']","[5, 52, 23, 20]","['Spicy', 'Sweet', 'Powdery', 'Oriental', 'Woody', 'Fruity', 'Creamy', 'Floral']","[19, 22, 6, 12, 6, 9, 8, 19]"
458,https://www.parfumo.com/Perfumes/Hermes/terre-d-hermes-eau-givree,Terre d'Hermès Eau Givrée  ,Hermès,2022,2020,"['Citron', 'Juniper berry', 'Nepalese sichuan pepper']","['Daily', 'Sport', 'Leisure', 'Night Out', 'Business', 'Evening']","[26, 15, 25, 7, 21, 7]",8.3,7.0,6.8,7.8,7.4,"['Winter', 'Fall', 'Summer', 'Spring']","[4, 16, 43, 37]","['Masculine', 'Feminine', 'Classic', 'Modern']","[44, 8, 23, 25]","['Citrus', 'Spicy', 'Woody', 'Green', 'Fruity', 'Fresh', 'Earthy']","[26, 13, 15, 11, 5, 25, 6]"
459,https://www.parfumo.com/Perfumes/Roja_Parfums/isola-blu-parfum-oligarch-parfum,Isola Blu ,Roja Parfums,2022,2020,"['Lime', 'Bergamot', 'Lavender', 'Thyme', 'Lemon', 'Blackcurrant', 'Champaca flower', 'Orange blossom', 'Apple', 'Grasse jasmine', 'Coconut', 'Lily', 'Juniper berry', 'Cedarwood', 'Grass', 'Oakmoss', 'Patchouli', 'Amber', 'Ambergris', 'Aniseed', 'Birch', 'Galbanum', 'Iris', 'Leather', 'Maté', 'Musk', 'Pink pepper', 'Vanilla', 'Tonka bean']","['Daily', 'Sport', 'Leisure', 'Night Out', 'Business', 'Evening']","[21, 8, 21, 17, 20, 13]",8.7,8.0,7.7,9.3,5.6,"['Winter', 'Fall', 'Summer', 'Spring']","[7, 19, 38, 36]","['Masculine', 'Feminine', 'Classic', 'Modern']","[46, 9, 25, 19]","['Citrus', 'Spicy', 'Woody', 'Green', 'Fruity', 'Fresh', 'Floral']","[23, 15, 13, 13, 7, 23, 6]"
460,https://www.parfumo.com/Perfumes/Yves_Saint_Laurent/myslf,Myslf  ,Yves Saint Laurent,2023,2020,"['Calabrian bergamot', 'Bergamot leaf', 'Tunisian orange blossom absolute', 'Ambrofix', 'Woods', 'Indonesian patchouli']","['Daily', 'Sport', 'Leisure', 'Night Out', 'Business', 'Evening']","[24, 11, 24, 11, 18, 12]",7.1,7.0,6.8,7.5,6.6,"['Winter', 'Fall', 'Summer', 'Spring']","[13, 26, 29, 33]","['Masculine', 'Feminine', 'Classic', 'Modern']","[44, 9, 11, 36]","['Citrus', 'Spicy', 'Synthetic', 'Sweet', 'Woody', 'Fruity', 'Fresh', 'Floral']","[9, 5, 18, 13, 14, 5, 22, 14]"
461,https://www.parfumo.com/Perfumes/Initio/paragon,Paragon  ,Initio,2022,2020,"['White sage', 'Lavender', 'Bergamot', 'Plum', 'Palo Santo', 'Black pepper', 'Sandalwood', 'Oud']","['Daily', 'Leisure', 'Night Out', 'Business', 'Evening']","[21, 23, 20, 15, 21]",8.2,8.1,7.7,8.6,6.8,"['Winter', 'Fall', 'Summer', 'Spring']","[25, 33, 14, 28]","['Masculine', 'Feminine', 'Classic', 'Modern']","[34, 31, 13, 23]","['Spicy', 'Sweet', 'Woody', 'Fruity', 'Fresh', 'Creamy']","[16, 19, 17, 20, 8, 20]"
462,https://www.parfumo.com/Perfumes/Prada/luna-rossa-ocean-eau-de-toilette,Luna Rossa Ocean ,Prada,2021,2020,"['Bergamot', 'Pink pepper', 'Mugwort', 'Iris', 'Sage', 'Lavender', 'Saffron', 'Suede', 'Musk', 'Haitian vetiver', 'Patchouli']","['Daily', 'Sport', 'Leisure', 'Night Out', 'Business', 'Evening']","[23, 18, 24, 9, 19, 8]",7.0,6.5,6.3,7.4,6.5,"['Winter', 'Fall', 'Summer', 'Spring']","[7, 22, 37, 35]","['Masculine', 'Classic', 'Modern']","[51, 13, 37]","['Citrus', 'Spicy', 'Synthetic', 'Sweet', 'Powdery', 'Fresh', 'Aquatic']","[13, 11, 14, 9, 5, 26, 22]"
463,https://www.parfumo.com/Perfumes/Zarko_Perfume/the-muse,The Muse  ,Zarkoperfume,2020,2020,"['Cotton', 'White musk', 'White oud']","['Daily', 'Sport', 'Leisure', 'Night Out', 'Business', 'Evening']","[27, 16, 26, 4, 22, 5]",7.6,8.3,7.9,7.4,7.2,"['Winter', 'Fall', 'Summer', 'Spring']","[16, 21, 30, 32]","['Masculine', 'Feminine', 'Classic', 'Modern']","[23, 39, 14, 23]","['Synthetic', 'Powdery', 'Woody', 'Fresh', 'Creamy', 'Floral']","[31, 14, 5, 35, 8, 7]"
464,https://www.parfumo.com/Perfumes/Tom_Ford/bitter-peach-eau-de-parfum,Bitter Peach ,Tom Ford,2020,2020,"['Wild peach', 'Sicilian blood orange', 'Cardamom', 'Cognac', 'Davana', 'Heliotrope', 'Jasmine sambac absolute', 'Rum absolute', 'New Caledonian sandalwood', 'Vanilla', 'Benzoin', 'Cashmeran', 'Indonesian patchouli', 'Labdanum absolute', 'Styrax', 'Tonka bean absolute']","['Daily', 'Leisure', 'Night Out', 'Business', 'Evening']","[21, 27, 22, 11, 19]",7.4,7.4,7.2,8.2,5.2,"['Winter', 'Fall', 'Summer', 'Spring']","[11, 22, 32, 34]","['Masculine', 'Feminine', 'Classic', 'Modern']","[26, 38, 11, 26]","['Spicy', 'Synthetic', 'Sweet', 'Gourmand', 'Fruity', 'Fresh', 'Creamy', 'Floral']","[8, 7, 25, 11, 27, 7, 9, 6]"
465,https://www.parfumo.com/Perfumes/kinetic-perfumes/sillage,Sillage  ,Kinetic Perfumes,2022,2020,"['Saffron', 'Violet', 'Oud', 'Raspberry', 'Jasmine', 'Frankincense', 'Ambergris', 'Benzoin', 'Musk', 'Suede', 'Vanilla']","['Daily', 'Leisure', 'Night Out', 'Business', 'Evening']","[11, 19, 31, 7, 32]",8.7,8.5,8.2,7.5,8.1,"['Winter', 'Fall', 'Summer', 'Spring']","[34, 38, 6, 22]","['Masculine', 'Feminine', 'Classic', 'Modern']","[44, 17, 18, 21]","['Spicy', 'Sweet', 'Oriental', 'Leathery', 'Woody', 'Fruity']","[10, 19, 13, 26, 11, 21]"
466,https://www.parfumo.com/Perfumes/Dolce_Gabbana/light-blue-pour-homme-forever,Light Blue pour Homme Forever  ,Dolce & Gabbana,2021,2020,"['Grapefruit zest', 'Italian bergamot', 'Ozonic notes', 'Violet leaf', 'White musk', 'Java vetiver', 'Patchouli']","['Daily', 'Sport', 'Leisure', 'Night Out', 'Business', 'Evening']","[25, 18, 26, 9, 15, 7]",8.1,7.3,7.1,7.8,7.7,"['Fall', 'Summer', 'Spring']","[8, 55, 37]","['Masculine', 'Feminine', 'Classic', 'Modern']","[45, 10, 10, 34]","['Citrus', 'Synthetic', 'Sweet', 'Green', 'Fruity', 'Fresh', 'Aquatic']","[25, 5, 7, 5, 19, 24, 15]"
467,https://www.parfumo.com/Perfumes/Jean_Paul_Gaultier/scandal-pour-homme,Scandal pour Homme  ,Jean Paul Gaultier,2021,2020,"['Caramel', 'Tonka bean', 'Clary sage', 'Vetiver']","['Daily', 'Leisure', 'Night Out', 'Business', 'Evening']","[11, 23, 31, 7, 27]",6.7,7.9,7.6,7.5,6.9,"['Winter', 'Fall', 'Summer', 'Spring']","[34, 38, 8, 20]","['Masculine', 'Feminine', 'Modern']","[48, 11, 41]","['Spicy', 'Synthetic', 'Sweet', 'Woody', 'Gourmand', 'Creamy']","[11, 24, 32, 7, 16, 10]"
468,https://www.parfumo.com/Perfumes/Afnan_Perfumes/supremacy-not-only-intense,Supremacy Not Only Intense  ,Afnan Perfumes,2021,2020,"['Blackcurrant', 'Bergamot', 'Apple', 'Oakmoss', 'Patchouli', 'Lavender', 'Ambergris', 'Saffron', 'Musk']","['Daily', 'Sport', 'Leisure', 'Night Out', 'Business', 'Evening']","[21, 7, 21, 17, 17, 16]",8.1,8.5,8.2,8.2,9.1,"['Winter', 'Fall', 'Summer', 'Spring']","[16, 27, 26, 31]","['Masculine', 'Classic', 'Modern']","[51, 22, 27]","['Citrus', 'Spicy', 'Synthetic', 'Sweet', 'Smoky', 'Woody', 'Fruity', 'Fresh']","[13, 9, 5, 8, 18, 11, 19, 16]"
469,https://www.parfumo.com/Perfumes/Jean_Paul_Gaultier/le-beau-paradise-garden,Le Beau Paradise Garden  ,Jean Paul Gaultier,2024,2020,"['Coconut water', 'Tonka bean', 'Green fig', 'Mint', 'Sandalwood', 'Ginger']","['Daily', 'Sport', 'Leisure', 'Night Out', 'Business', 'Evening']","[27, 9, 32, 11, 11, 10]",7.1,7.6,7.4,8.5,6.9,"['Winter', 'Fall', 'Summer', 'Spring']","[4, 10, 45, 40]","['Masculine', 'Feminine', 'Classic', 'Modern']","[45, 10, 7, 38]","['Synthetic', 'Sweet', 'Green', 'Fruity', 'Fresh', 'Creamy', 'Aquatic']","[13, 20, 16, 19, 20, 7, 5]"
470,https://www.parfumo.com/Perfumes/Dior/dior-homme-sport-2021,Dior Homme Sport  ,Dior,2021,2020,"['Italian lemon', 'Aldehydes', 'Calabrian bergamot', 'Elemi resin', 'Pink pepper', 'Frankincense', 'Woods', 'Amber']","['Daily', 'Sport', 'Leisure', 'Night Out', 'Business', 'Evening']","[25, 19, 24, 6, 20, 6]",8.1,7.7,7.3,8.2,7.6,"['Winter', 'Fall', 'Summer', 'Spring']","[7, 21, 37, 36]","['Masculine', 'Classic', 'Modern']","[49, 21, 30]","['Citrus', 'Spicy', 'Woody', 'Resinous', 'Fresh']","[26, 16, 22, 10, 27]"
471,https://www.parfumo.com/Perfumes/bdk_Parfums/velvet-tonka,Velvet Tonka  ,bdk Parfums,2021,2020,"['Almond', 'Orange blossom', 'Balkans tobacco absolute', 'Rose absolute', 'Tonka bean absolute', 'Bourbon vanilla absolute', 'Amberwood', 'Amyris']","['Daily', 'Leisure', 'Night Out', 'Business', 'Evening']","[13, 20, 27, 9, 30]",8.0,8.2,7.8,8.3,7.4,"['Winter', 'Fall', 'Spring']","[42, 41, 17]","['Masculine', 'Feminine', 'Classic', 'Modern']","[20, 43, 18, 19]","['Spicy', 'Sweet', 'Powdery', 'Woody', 'Gourmand', 'Creamy']","[13, 25, 12, 7, 24, 18]"
472,https://www.parfumo.com/Perfumes/Roja_Parfums/burlington-1819,Burlington 1819  ,Roja Parfums,2020,2020,"['Grapefruit', 'Bitter orange', 'Ginger', 'Lime', 'Mint', 'Benzoin', 'Cashmere wood', 'Cedarwood', 'Cumin', 'Labdanum', 'Mandarin orange', 'Musk', 'Oakmoss', 'Patchouli', 'Ambergris', 'Cinnamon', 'Rum', 'Saffron', 'Tobacco', 'Vanilla']","['Daily', 'Sport', 'Leisure', 'Night Out', 'Business', 'Evening']","[21, 6, 24, 16, 19, 14]",8.5,7.8,7.4,9.1,6.1,"['Winter', 'Fall', 'Summer', 'Spring']","[6, 21, 37, 36]","['Masculine', 'Feminine', 'Classic', 'Modern']","[44, 11, 26, 19]","['Citrus', 'Spicy', 'Woody', 'Green', 'Fruity', 'Fresh']","[25, 16, 15, 9, 12, 24]"
473,https://www.parfumo.com/Perfumes/Giorgio_Armani/acqua-di-gio-parfum,Acqua di Giò Parfum  ,Giorgio Armani,2023,2020,"['Marine notes', 'Calabrian bergamot', 'Ginger', 'Provençal clary sage', 'Rosemary', 'Bourbon geranium', 'Frankincense', 'Guatemala patchouly', 'Woods']","['Daily', 'Sport', 'Leisure', 'Night Out', 'Business', 'Evening']","[23, 12, 22, 10, 22, 11]",8.2,7.4,7.1,7.8,7.2,"['Winter', 'Fall', 'Summer', 'Spring']","[9, 22, 35, 34]","['Masculine', 'Classic', 'Modern']","[48, 25, 27]","['Citrus', 'Spicy', 'Woody', 'Green', 'Fresh', 'Aquatic']","[16, 15, 6, 8, 26, 28]"
474,https://www.parfumo.com/Perfumes/Prada/paradoxe,Paradoxe  ,Prada,2022,2020,"['Pear', 'Tangerine', 'Calabrian bergamot', 'Jasmine sambac absolute', 'Tunisian orange blossom absolute', 'Bitter orange blossom', 'Neroli', 'Ambrofix', 'Bourbon vanilla', 'Serenolide', 'Benzoin Siam']","['Daily', 'Leisure', 'Night Out', 'Business', 'Evening']","[22, 24, 21, 16, 17]",6.9,7.5,7.2,7.1,6.6,"['Winter', 'Fall', 'Summer', 'Spring']","[18, 28, 22, 32]","['Feminine', 'Classic', 'Modern']","[54, 11, 35]","['Citrus', 'Synthetic', 'Sweet', 'Fruity', 'Fresh', 'Floral']","[5, 15, 26, 20, 8, 26]"
475,https://www.parfumo.com/Perfumes/liquides-imaginaires/blanche-bete,Blanche Bête  ,Liquides Imaginaires,2021,2020,"['Milk', 'Mystikal®', 'Ambrette seed', 'Mahonial®', 'Tuberose', 'Jasmine', 'Frankincense', 'Tonka bean', 'Vanilla', 'Cocoa']","['Daily', 'Leisure', 'Night Out', 'Business', 'Evening']","[22, 24, 19, 15, 19]",8.1,8.3,7.7,8.2,6.7,"['Winter', 'Fall', 'Summer', 'Spring']","[23, 28, 21, 28]","['Masculine', 'Feminine', 'Classic', 'Modern']","[12, 46, 14, 28]","['Synthetic', 'Sweet', 'Powdery', 'Gourmand', 'Creamy', 'Floral']","[6, 26, 10, 17, 27, 13]"
476,https://www.parfumo.com/Perfumes/Xerjoff/decas,Decas  ,XerJoff,2021,2020,"['Calabrian mandarin orange', 'Tuberose', 'Tobacco', 'Benzoin', 'Florentine iris', 'Opoponax', 'Balsam', 'Bourbon vanilla', 'Musk']","['Daily', 'Leisure', 'Night Out', 'Business', 'Evening']","[21, 25, 19, 14, 20]",7.9,7.8,7.4,8.9,7.0,"['Winter', 'Fall', 'Summer', 'Spring']","[14, 28, 26, 32]","['Masculine', 'Feminine', 'Classic', 'Modern']","[35, 28, 14, 23]","['Citrus', 'Spicy', 'Sweet', 'Resinous', 'Fruity', 'Fresh', 'Creamy', 'Floral']","[9, 10, 22, 5, 18, 8, 15, 13]"
477,https://www.parfumo.com/Perfumes/Azzaro/the-most-wanted-parfum,The Most Wanted Parfum  ,Azzaro,2022,2020,"['Red ginger', 'Woody notes', 'Bourbon vanilla']","['Daily', 'Leisure', 'Night Out', 'Business', 'Evening']","[12, 17, 32, 8, 31]",8.4,8.0,7.7,8.0,8.1,"['Winter', 'Fall', 'Spring']","[42, 42, 16]","['Masculine', 'Classic', 'Modern']","[51, 15, 34]","['Spicy', 'Synthetic', 'Sweet', 'Woody', 'Gourmand']","[26, 10, 31, 20, 14]"
478,https://www.parfumo.com/Perfumes/Tiziana_Terenzi/rosso-pompei,Rosso Pompei  ,Tiziana Terenzi,2020,2020,"['Amalfi grape', 'Sicilian grapefruit', 'Pink grapefruit', 'Italian lemon', 'Ambergris', 'Jasminum grandiflorum', 'Mexican tuberose', 'Lily of the valley', 'Magnolia', 'Indian sandalwood', 'Patchouli', 'Lebanon cedar', 'Neapolitan maple']","['Daily', 'Sport', 'Leisure', 'Night Out', 'Business', 'Evening']","[19, 5, 24, 20, 15, 16]",8.1,8.7,8.4,8.4,6.6,"['Winter', 'Fall', 'Summer', 'Spring']","[7, 17, 40, 36]","['Masculine', 'Feminine', 'Classic', 'Modern']","[38, 24, 13, 25]","['Citrus', 'Spicy', 'Synthetic', 'Sweet', 'Woody', 'Fruity', 'Fresh', 'Floral']","[20, 6, 5, 11, 11, 21, 18, 9]"
479,https://www.parfumo.com/Perfumes/Amouage/interlude-black-iris,Interlude Black Iris  ,Amouage,2020,2020,"['Rosemary', 'Violet leaf', 'Bergamot', 'Frankincense', 'Florentine iris absolute', 'Myrrh', 'Orris butter', 'Amber', 'Cistus', 'Vanilla', 'Smoked leather', 'Patchouli', 'Sandalwood', 'Cedarwood', 'Oud']","['Daily', 'Leisure', 'Night Out', 'Business', 'Evening']","[7, 17, 33, 8, 36]",8.2,9.1,8.7,9.1,7.1,"['Winter', 'Fall', 'Spring']","[42, 40, 17]","['Masculine', 'Feminine', 'Classic', 'Modern']","[53, 8, 28, 11]","['Spicy', 'Sweet', 'Smoky', 'Powdery', 'Oriental', 'Leathery', 'Woody', 'Resinous']","[17, 6, 19, 7, 15, 8, 15, 12]"
480,https://www.parfumo.com/Perfumes/Armaf/club-de-nuit-sillage-eau-de-parfum,Club de Nuit Sillage ,Armaf,2020,2020,"['Bergamot', 'Lemon', 'Ginger', 'Blackcurrant', 'Lime', 'Violet leaf', 'Rose', 'Jasmine', 'Iris', 'Musk', 'Ambroxan', 'Cedar', 'Sandalwood']","['Daily', 'Sport', 'Leisure', 'Night Out', 'Business', 'Evening']","[24, 15, 26, 8, 20, 7]",7.3,8.0,7.8,7.0,8.7,"['Winter', 'Fall', 'Summer', 'Spring']","[5, 17, 39, 39]","['Masculine', 'Feminine', 'Classic', 'Modern']","[42, 15, 17, 26]","['Citrus', 'Synthetic', 'Woody', 'Green', 'Fruity', 'Fresh', 'Floral', 'Aquatic']","[24, 12, 6, 6, 6, 23, 14, 10]"
481,https://www.parfumo.com/Perfumes/Giorgio_Armani/my-way-eau-de-parfum,My Way ,Giorgio Armani,2020,2020,"['Egyptian orange blossom', 'Calabrian bergamot', 'Indian tuberose', 'Jasminum auriculatum', 'White musk', 'Bourbon vanilla', 'Virginia cedar']","['Daily', 'Leisure', 'Night Out', 'Business', 'Evening']","[24, 26, 17, 17, 16]",6.7,7.3,7.1,7.6,7.0,"['Winter', 'Fall', 'Summer', 'Spring']","[14, 23, 26, 36]","['Feminine', 'Classic', 'Modern']","[55, 11, 34]","['Synthetic', 'Sweet', 'Fruity', 'Fresh', 'Creamy', 'Floral']","[11, 26, 19, 10, 5, 29]"
482,https://www.parfumo.com/Perfumes/Montblanc/signature,Signature ,Montblanc,2020,2020,"['Clementine', 'Magnolia', 'Ylang-ylang', 'Peony', 'White musk', 'Vanilla', 'Benzoin']","['Daily', 'Leisure', 'Night Out', 'Business', 'Evening']","[28, 26, 11, 24, 11]",7.8,7.5,7.1,8.1,8.4,"['Winter', 'Fall', 'Summer', 'Spring']","[18, 26, 23, 33]","['Feminine', 'Classic', 'Modern']","[55, 16, 29]","['Citrus', 'Synthetic', 'Sweet', 'Powdery', 'Fruity', 'Fresh', 'Creamy', 'Floral']","[5, 5, 21, 10, 13, 8, 25, 14]"
483,https://www.parfumo.com/Perfumes/Guerlain/l-homme-ideal-extreme,L'Homme Idéal Extrême  ,Guerlain,2020,2020,"['Almond', 'Bergamot', 'Pink pepper', 'Heliotrope', 'Cinnamon', 'Plum', 'Tobacco', 'Leather', 'Patchouli', 'Cedar']","['Daily', 'Leisure', 'Night Out', 'Business', 'Evening']","[14, 19, 26, 13, 28]",8.3,7.7,7.4,8.0,7.9,"['Winter', 'Fall', 'Summer', 'Spring']","[36, 40, 5, 19]","['Masculine', 'Feminine', 'Classic', 'Modern']","[46, 10, 23, 22]","['Spicy', 'Sweet', 'Oriental', 'Leathery', 'Woody', 'Gourmand', 'Fruity', 'Creamy']","[20, 22, 9, 12, 9, 10, 13, 5]"
484,https://www.parfumo.com/Perfumes/Mancera/tonka-cola,Tonka Cola  ,Mancera,2022,2020,"['Black cherry', 'Cinnamon', 'Sicilian lemon', 'Nutmeg', 'Cola', 'Indonesian patchouli', 'Orange blossom', 'Brazilian tonka bean', 'Benzoin', 'Labdanum', 'Vanilla']","['Daily', 'Leisure', 'Night Out', 'Business', 'Evening']","[14, 23, 26, 9, 28]",8.0,8.1,7.9,7.7,7.7,"['Winter', 'Fall', 'Summer', 'Spring']","[35, 36, 9, 20]","['Masculine', 'Feminine', 'Classic', 'Modern']","[37, 26, 11, 26]","['Citrus', 'Spicy', 'Synthetic', 'Sweet', 'Oriental', 'Gourmand', 'Fruity']","[12, 23, 7, 26, 6, 17, 11]"
485,https://www.parfumo.com/Perfumes/Burberry/goddess-eau-de-parfum,Goddess ,Burberry,2023,2020,"['Vanilla', 'Lavender', 'Vanilla absolute', 'Cocoa', 'Ginger']","['Daily', 'Leisure', 'Night Out', 'Business', 'Evening']","[21, 22, 21, 16, 21]",7.9,7.4,6.9,8.0,7.1,"['Winter', 'Fall', 'Summer', 'Spring']","[29, 33, 14, 24]","['Masculine', 'Feminine', 'Classic', 'Modern']","[5, 51, 16, 28]","['Spicy', 'Synthetic', 'Sweet', 'Gourmand', 'Creamy', 'Floral']","[9, 5, 32, 22, 18, 14]"
486,https://www.parfumo.com/Perfumes/Rabanne/phantom,Phantom  ,Rabanne,2021,2020,"['Fruity notes', 'Rhubarb', 'Vanilla absolute', 'Italian lemon zest', 'Provençal lavender absolute', 'Clary sage', 'Indonesian patchouli', 'Haitian vetiver']","['Daily', 'Sport', 'Leisure', 'Night Out', 'Business', 'Evening']","[19, 5, 27, 20, 11, 17]",5.7,6.8,6.8,6.0,5.8,"['Winter', 'Fall', 'Summer', 'Spring']","[23, 30, 18, 30]","['Masculine', 'Feminine', 'Classic', 'Modern']","[41, 10, 6, 43]","['Citrus', 'Spicy', 'Synthetic', 'Sweet', 'Fruity', 'Fresh', 'Creamy']","[9, 7, 24, 27, 18, 10, 6]"
487,https://www.parfumo.com/Perfumes/Viktor_Rolf/spicebomb-infrared-eau-de-toilette,Spicebomb Infrared ,Viktor & Rolf,2021,2020,"['Red apple', 'Red pepper', 'Grapefruit', 'Pimento', 'Saffron', 'Cinnamon leaf', 'Habanero chili', 'Provençal lavender', 'Lavender', 'Tobacco', 'Benzoin', 'Amberwood', 'Cedarwood']","['Daily', 'Leisure', 'Night Out', 'Business', 'Evening']","[14, 21, 28, 9, 28]",8.1,7.8,7.6,8.3,7.8,"['Winter', 'Fall', 'Spring']","[41, 42, 16]","['Masculine', 'Feminine', 'Classic', 'Modern']","[48, 8, 14, 31]","['Spicy', 'Sweet', 'Oriental', 'Woody', 'Gourmand', 'Fruity']","[29, 25, 10, 10, 7, 19]"
488,https://www.parfumo.com/Perfumes/Amouage/enclave,Enclave  ,Amouage,2020,2020,"['Spearmint', 'Cardamom', 'Cinnamon', 'Pink pepper CO2', 'Frankincense', 'Patchouli', 'Rose absolute', 'Vetiver', 'Amber Xtreme™', 'Labdanum', 'Saffiano™']","['Daily', 'Leisure', 'Night Out', 'Business', 'Evening']","[20, 23, 21, 16, 20]",8.1,8.7,8.1,8.8,6.7,"['Winter', 'Fall', 'Summer', 'Spring']","[20, 31, 19, 31]","['Masculine', 'Feminine', 'Classic', 'Modern']","[45, 12, 20, 22]","['Spicy', 'Sweet', 'Oriental', 'Woody', 'Resinous', 'Green', 'Fresh', 'Creamy']","[21, 12, 9, 15, 6, 13, 18, 5]"
489,https://www.parfumo.com/Perfumes/Narciso_Rodriguez/for-her-musc-noir-rose,For Her Musc Noir Rose  ,Narciso Rodriguez,2022,2020,"['Plum', 'Italian bergamot', 'Pink pepper', 'Musk', 'Tuberose', 'Rose', 'Vanilla']","['Daily', 'Leisure', 'Night Out', 'Business', 'Evening']","[21, 21, 21, 16, 21]",8.3,7.4,7.2,8.2,7.8,"['Winter', 'Fall', 'Summer', 'Spring']","[28, 34, 11, 26]","['Feminine', 'Classic', 'Modern']","[55, 18, 27]","['Spicy', 'Sweet', 'Powdery', 'Fruity', 'Creamy', 'Floral']","[7, 24, 13, 19, 11, 25]"
490,https://www.parfumo.com/Perfumes/Giorgio_Armani/armani-code-parfum,Armani Code Parfum  ,Giorgio Armani,2022,2020,"['Bergamot leaf', 'Calabrian bergamot', 'Provençal clary sage', 'Iris aldehyde', 'Moroccan orris butter', 'Brazilian tonka bean absolute', 'Virginia cedar']","['Daily', 'Sport', 'Leisure', 'Night Out', 'Business', 'Evening']","[21, 5, 20, 17, 20, 18]",7.8,7.5,7.1,7.6,7.0,"['Winter', 'Fall', 'Summer', 'Spring']","[25, 30, 17, 29]","['Masculine', 'Classic', 'Modern']","[46, 22, 32]","['Citrus', 'Spicy', 'Synthetic', 'Sweet', 'Powdery', 'Woody', 'Fresh', 'Creamy']","[5, 14, 10, 19, 10, 15, 19, 7]"
491,https://www.parfumo.com/Perfumes/kai-porten-parfums-prives/oud-31,Oud 31  ,Kai Porten Parfums Privés,2023,2020,"['Oud', 'Rose', 'Amber', 'Cardamom', 'Musk', 'Sandalwood', 'Spices', 'Vanilla', 'Fresh notes', 'Green notes', 'Jasmine', 'Lavender', 'Orris root']","['Daily', 'Leisure', 'Night Out', 'Business', 'Evening']","[8, 23, 31, 6, 33]",6.7,8.6,8.2,7.1,4.7,"['Winter', 'Fall', 'Summer', 'Spring']","[34, 35, 9, 22]","['Masculine', 'Feminine', 'Classic', 'Modern']","[40, 21, 23, 17]","['Spicy', 'Sweet', 'Oriental', 'Woody', 'Creamy', 'Floral', 'Animal']","[15, 12, 18, 14, 9, 14, 18]"
492,https://www.parfumo.com/Perfumes/Montale/infinity,Infinity  ,Montale,2023,2020,"['Black cherry', 'Plum', 'Cardamom', 'Peruvian pink pepper', 'Saffron', 'Indian rose', 'Leather', 'Oud', 'Sandalwood', 'Tuberose', 'Vetiver', 'Tonka bean', 'Musk', 'Tobacco', 'Vanilla sugar', 'Amber']","['Daily', 'Leisure', 'Night Out', 'Business', 'Evening']","[8, 19, 32, 7, 33]",8.2,8.3,8.0,7.2,8.0,"['Winter', 'Fall', 'Summer', 'Spring']","[40, 39, 5, 17]","['Masculine', 'Feminine', 'Classic', 'Modern']","[38, 26, 13, 22]","['Spicy', 'Synthetic', 'Sweet', 'Oriental', 'Leathery', 'Woody', 'Gourmand', 'Fruity']","[15, 8, 23, 15, 7, 7, 6, 20]"
493,https://www.parfumo.com/Perfumes/Tom_Ford/ombre-leather-parfum,Ombré Leather Parfum  ,Tom Ford,2021,2020,"['Black leather', 'Cedarwood', 'Iris', 'Woody notes', 'Green tobacco', 'Indian jasmine sambac absolute', 'Violet leaf absolute Orpur®']","['Daily', 'Leisure', 'Night Out', 'Business', 'Evening']","[12, 18, 29, 12, 29]",8.3,8.2,7.7,7.7,7.1,"['Winter', 'Fall', 'Summer', 'Spring']","[34, 37, 6, 22]","['Masculine', 'Feminine', 'Classic', 'Modern']","[47, 11, 25, 17]","['Spicy', 'Sweet', 'Smoky', 'Leathery', 'Woody', 'Floral']","[15, 12, 8, 33, 14, 18]"
494,https://www.parfumo.com/Perfumes/Stephane_Humbert_Lucas/god-of-fire,God of Fire  ,Stéphane Humbert Lucas,2022,2020,"['Mango', 'Ginger', 'Lemon', 'Pink pepper', 'Coumarin', 'Dry woods', 'Jasmine', 'Musk', 'Nagarmotha', 'Amber', 'Oud']","['Daily', 'Sport', 'Leisure', 'Night Out', 'Business', 'Evening']","[19, 4, 26, 20, 12, 19]",8.1,8.1,7.8,8.9,6.7,"['Winter', 'Fall', 'Summer', 'Spring']","[7, 17, 40, 35]","['Masculine', 'Feminine', 'Classic', 'Modern']","[32, 32, 8, 28]","['Citrus', 'Spicy', 'Synthetic', 'Sweet', 'Woody', 'Fruity', 'Fresh', 'Creamy']","[12, 7, 5, 19, 12, 24, 14, 5]"
495,https://www.parfumo.com/Perfumes/Parfums_de_Marly/oriana,Oriana  ,Parfums de Marly,2021,2020,"['Grapefruit', 'Italian bergamot', 'Mandarin orange', 'Orange blossom', 'Raspberry', 'Blackcurrant', 'Marshmallow', 'Cream', 'Musk', 'Ambrette']","['Daily', 'Leisure', 'Night Out', 'Business', 'Evening']","[20, 26, 21, 13, 19]",7.8,7.5,7.2,8.6,6.1,"['Winter', 'Fall', 'Summer', 'Spring']","[18, 27, 22, 33]","['Feminine', 'Classic', 'Modern']","[57, 7, 36]","['Synthetic', 'Sweet', 'Powdery', 'Gourmand', 'Fruity', 'Creamy', 'Floral']","[7, 25, 7, 13, 21, 15, 12]"
496,https://www.parfumo.com/Perfumes/Joop/joop-homme-eau-de-parfum,Joop! Homme ,Joop!,2021,2020,"['Cinnamon', 'Bergamot', 'Hazelnut', 'Cardamom', 'Heliotrope', 'Orange blossom', 'Fir needle', 'Vanilla', 'Sandalwood', 'Tonka bean absolute', 'Cashmeran', 'Moss', 'Vetiver']","['Daily', 'Leisure', 'Night Out', 'Business', 'Evening']","[14, 19, 28, 10, 28]",7.8,8.3,8.0,7.1,8.7,"['Winter', 'Fall', 'Spring']","[42, 41, 17]","['Masculine', 'Feminine', 'Classic', 'Modern']","[46, 7, 20, 27]","['Spicy', 'Synthetic', 'Sweet', 'Oriental', 'Woody', 'Gourmand']","[24, 11, 26, 14, 10, 15]"
497,https://www.parfumo.com/Perfumes/Jean_Paul_Gaultier/la-belle-le-parfum,La Belle Le Parfum  ,Jean Paul Gaultier,2021,2020,"['Pear', 'Vanilla', 'Jasmine', 'Tonka bean', 'Musk']","['Daily', 'Leisure', 'Night Out', 'Business', 'Evening']","[10, 17, 33, 7, 33]",8.3,8.6,8.3,8.8,8.2,"['Winter', 'Fall', 'Summer', 'Spring']","[39, 39, 5, 17]","['Feminine', 'Classic', 'Modern']","[57, 16, 27]","['Spicy', 'Sweet', 'Powdery', 'Oriental', 'Gourmand', 'Fruity', 'Creamy', 'Floral']","[5, 26, 5, 8, 18, 19, 10, 9]"
498,https://www.parfumo.com/Perfumes/pana-dora/moonlight,Moonlight  ,Pana Dora,2023,2020,"['Plum', 'Mandarin orange', 'Chocolate', 'Fruity notes', 'Clove leaf', 'Peach', 'White chocolate', 'Honey', 'Cedarwood', 'Tobacco', 'Vanilla', 'Amber', 'Musk']","['Daily', 'Leisure', 'Night Out', 'Business', 'Evening']","[10, 20, 31, 7, 32]",8.4,8.5,8.0,9.4,7.2,"['Winter', 'Fall', 'Spring']","[44, 41, 15]","['Masculine', 'Feminine', 'Classic', 'Modern']","[30, 35, 14, 21]","['Spicy', 'Sweet', 'Woody', 'Gourmand', 'Fruity', 'Creamy']","[18, 26, 6, 24, 15, 11]"
499,https://www.parfumo.com/Perfumes/Azzaro/the-most-wanted,The Most Wanted  ,Azzaro,2021,2020,"['Guatemala cardamom', 'Toffee', 'Bourbon vanilla', 'Vetiver']","['Daily', 'Leisure', 'Night Out', 'Business', 'Evening']","[12, 20, 30, 6, 31]",7.8,7.9,7.6,8.0,7.7,"['Winter', 'Fall', 'Summer', 'Spring']","[38, 38, 4, 19]","['Masculine', 'Feminine', 'Classic', 'Modern']","[48, 5, 9, 38]","['Spicy', 'Synthetic', 'Sweet', 'Woody', 'Gourmand', 'Fruity', 'Creamy']","[20, 15, 27, 12, 16, 5, 6]"
500,https://www.parfumo.com/Perfumes/Parfums_de_Marly/pegasus-exclusif,Pegasus Exclusif  ,Parfums de Marly,2020,2020,"['Cardamom', 'Heliotrope', 'Pink pepper', 'Bergamot', 'Bitter almond', 'Lavender', 'Geranium', 'Jasmine', 'Gaiac wood', 'Sandalwood', 'Vanilla', 'Amber', 'Oud']","['Daily', 'Leisure', 'Night Out', 'Business', 'Evening']","[11, 22, 28, 11, 28]",7.9,8.3,8.0,8.7,6.6,"['Winter', 'Fall', 'Summer', 'Spring']","[38, 38, 5, 19]","['Masculine', 'Feminine', 'Classic', 'Modern']","[47, 6, 24, 23]","['Spicy', 'Sweet', 'Smoky', 'Oriental', 'Woody', 'Resinous', 'Gourmand', 'Creamy']","[20, 21, 6, 11, 21, 6, 6, 10]"
501,https://www.parfumo.com/Perfumes/Gritti/duchessa,Duchessa  ,Gritti,2020,2020,"['Black cherry', 'Marzipan', 'Bitter orange', 'Blood orange zest', 'Saffron blossom', 'Jasmine', 'Clove', 'Cocoa', 'White blossoms', 'Almond', 'Brown sugar', 'Iris']","['Daily', 'Leisure', 'Night Out', 'Business', 'Evening']","[10, 17, 32, 8, 33]",8.5,8.3,7.9,8.5,6.8,"['Winter', 'Fall', 'Summer', 'Spring']","[37, 39, 6, 18]","['Masculine', 'Feminine', 'Classic', 'Modern']","[24, 42, 15, 19]","['Spicy', 'Sweet', 'Gourmand', 'Fruity', 'Creamy']","[14, 29, 24, 26, 8]"
502,https://www.parfumo.com/Perfumes/Parfums_de_Marly/delina-la-rosee,Delina La Rosée  ,Parfums de Marly,2021,2020,"['Lychee', 'Pear', 'Bergamot', 'Aquatic flowers', 'Turkish rose', 'Peony', 'White musk', 'Vetiver', 'Woody notes']","['Daily', 'Leisure', 'Night Out', 'Business', 'Evening']","[28, 26, 14, 22, 10]",8.2,7.9,7.5,8.8,6.4,"['Winter', 'Fall', 'Summer', 'Spring']","[6, 14, 39, 41]","['Feminine', 'Classic', 'Modern']","[55, 13, 33]","['Sweet', 'Fruity', 'Fresh', 'Floral', 'Aquatic']","[17, 18, 24, 30, 11]"
503,https://www.parfumo.com/Perfumes/Dior/vanilla-diorama,Vanilla Diorama  ,Dior,2021,2020,"['Bourbon vanilla', 'Cardamom', 'Rum', 'Cocoa', 'Sandalwood', 'Lemon', 'Orange', 'Patchouli', 'Pink pepper']","['Daily', 'Leisure', 'Night Out', 'Business', 'Evening']","[12, 21, 27, 10, 30]",8.1,7.9,7.5,8.2,6.6,"['Winter', 'Fall', 'Summer', 'Spring']","[38, 39, 5, 17]","['Masculine', 'Feminine', 'Classic', 'Modern']","[32, 35, 18, 15]","['Citrus', 'Spicy', 'Sweet', 'Oriental', 'Woody', 'Gourmand', 'Creamy']","[5, 22, 25, 11, 10, 20, 8]"
504,https://www.parfumo.com/Perfumes/Amouage/guidance-eau-de-parfum,Guidance ,Amouage,2023,2020,"['Pear', 'Hazelnut', 'Frankincense', 'Osmanthus', 'Rose', 'Jasmine sambac', 'Saffron', 'Akigalawood®', 'Sandalwood', 'Vanilla', 'Ambergris', 'Cistus']","['Daily', 'Leisure', 'Night Out', 'Business', 'Evening']","[16, 22, 25, 12, 25]",7.6,9.0,8.7,8.8,6.3,"['Winter', 'Fall', 'Summer', 'Spring']","[25, 32, 15, 28]","['Masculine', 'Feminine', 'Classic', 'Modern']","[8, 53, 17, 23]","['Spicy', 'Sweet', 'Powdery', 'Oriental', 'Woody', 'Gourmand', 'Fruity', 'Creamy', 'Floral']","[9, 20, 5, 5, 6, 6, 15, 19, 16]"
505,https://www.parfumo.com/Perfumes/lattafa-pride/eternal-oud,Eternal Oud  ,Lattafa Pride,2022,2020,"['Plum', 'Grapefruit', 'Heliotrope', 'Orchid', 'Amber', 'Benzoin', 'Tonka bean', 'Vanilla', 'Labdanum', 'Oud']","['Daily', 'Leisure', 'Night Out', 'Business', 'Evening']","[11, 17, 30, 9, 33]",7.9,8.1,7.8,8.5,9.0,"['Winter', 'Fall', 'Spring']","[40, 40, 19]","['Masculine', 'Feminine', 'Classic', 'Modern']","[42, 24, 21, 13]","['Spicy', 'Sweet', 'Oriental', 'Woody', 'Resinous', 'Gourmand', 'Fruity', 'Creamy']","[16, 19, 18, 13, 13, 6, 8, 6]"
506,https://www.parfumo.com/Perfumes/Simone_Andreoli/leisure-in-paradise,Leisure in Paradise  ,Simone Andreoli,2020,2020,"['Papaya', 'Pineapple', 'Coconut milk', 'Vanilla', 'Caribbean woods']","['Daily', 'Leisure', 'Night Out', 'Business', 'Evening']","[21, 30, 20, 12, 17]",8.0,7.7,7.4,7.5,7.6,"['Winter', 'Fall', 'Summer', 'Spring']","[8, 12, 45, 34]","['Masculine', 'Feminine', 'Classic', 'Modern']","[17, 47, 9, 27]","['Sweet', 'Woody', 'Gourmand', 'Fruity', 'Fresh', 'Creamy']","[27, 7, 15, 26, 5, 20]"
507,https://www.parfumo.com/Perfumes/Zara/sand-desert-at-sunset,Sand Desert at Sunset  ,Zara,2023,2020,"['Tonka bean', 'Chocolate', 'Cinnamon', 'Orange', 'Cedarwood', 'Frankincense', 'Iris']","['Daily', 'Leisure', 'Night Out', 'Business', 'Evening']","[14, 20, 27, 9, 30]",8.1,6.9,6.7,6.9,9.1,"['Winter', 'Fall', 'Summer', 'Spring']","[40, 40, 6, 14]","['Masculine', 'Feminine', 'Classic', 'Modern']","[38, 27, 14, 22]","['Spicy', 'Sweet', 'Oriental', 'Woody', 'Gourmand', 'Creamy']","[17, 26, 13, 5, 26, 12]"
508,https://www.parfumo.com/Perfumes/Diptyque/l-eau-papier-eau-de-toilette,L'Eau Papier ,Diptyque,2023,2020,"['Rice steam', 'White musk', 'Blond woods', 'Roasted sesame', 'Mimosa']","['Daily', 'Sport', 'Leisure', 'Night Out', 'Business', 'Evening']","[29, 7, 26, 6, 24, 8]",7.8,6.9,6.2,8.6,6.9,"['Winter', 'Fall', 'Summer', 'Spring']","[17, 26, 25, 32]","['Masculine', 'Feminine', 'Classic', 'Modern']","[24, 39, 16, 20]","['Synthetic', 'Sweet', 'Powdery', 'Woody', 'Fresh', 'Creamy', 'Floral']","[15, 8, 15, 19, 15, 22, 6]"
509,https://www.parfumo.com/Perfumes/Marc_Antoine_Barrois/tilia,Tilia  ,Marc-Antoine Barrois,2024,2020,"['Linden tree', 'Ambroxan', 'Heliotrope', 'Broom', 'Jasmine sambac', 'Woody notes', 'Vetiver']","['Daily', 'Sport', 'Leisure', 'Night Out', 'Business', 'Evening']","[22, 5, 25, 16, 19, 13]",8.0,8.7,8.2,8.1,7.3,"['Winter', 'Fall', 'Summer', 'Spring']","[8, 19, 35, 38]","['Masculine', 'Feminine', 'Classic', 'Modern']","[20, 41, 14, 26]","['Synthetic', 'Sweet', 'Woody', 'Green', 'Fresh', 'Creamy', 'Floral']","[15, 13, 6, 5, 22, 9, 30]"
510,https://www.parfumo.com/Perfumes/Chanel/le-lion-de-chanel,Le Lion de Chanel  ,Chanel,2020,2020,"['Bergamot', 'Lemon', 'Labdanum', 'Bourbon vanilla', 'Patchouli', 'Sandalwood']","['Daily', 'Leisure', 'Night Out', 'Business', 'Evening']","[10, 17, 30, 10, 32]",8.2,8.7,8.3,8.4,7.0,"['Winter', 'Fall', 'Summer', 'Spring']","[38, 39, 6, 17]","['Masculine', 'Feminine', 'Classic', 'Modern']","[37, 30, 25, 8]","['Citrus', 'Spicy', 'Sweet', 'Smoky', 'Powdery', 'Oriental', 'Leathery', 'Woody', 'Resinous', 'Earthy', 'Animal']","[6, 12, 4, 15, 5, 10, 11, 9, 15, 6, 6]"
511,https://www.parfumo.com/Perfumes/Hugo_Boss/boss-bottled-elixir,Boss Bottled Elixir  ,Hugo Boss,2023,2020,"['Frankincense', 'Cardamom', 'Patchouli', 'Vetiver', 'Labdanum absolute', 'Cedarwood']","['Daily', 'Leisure', 'Night Out', 'Business', 'Evening']","[12, 19, 27, 13, 29]",7.9,8.3,7.9,7.3,7.6,"['Winter', 'Fall', 'Spring']","[41, 42, 18]","['Masculine', 'Classic', 'Modern']","[48, 31, 21]","['Spicy', 'Sweet', 'Smoky', 'Oriental', 'Woody', 'Resinous', 'Earthy']","[21, 11, 16, 12, 20, 15, 6]"
512,https://www.parfumo.com/Perfumes/Louis_Vuitton/on-the-beach,On the Beach  ,Louis Vuitton,2021,2020,"['Japanese yuzu', 'Tunisian neroli', 'Cypress', 'Pink pepper', 'Rosemary', 'Thyme', 'Clove']","['Daily', 'Sport', 'Leisure', 'Night Out', 'Business', 'Evening']","[24, 16, 27, 10, 16, 8]",8.0,6.6,6.4,8.9,5.5,"['Fall', 'Summer', 'Spring']","[6, 55, 39]","['Masculine', 'Feminine', 'Classic', 'Modern']","[38, 24, 13, 25]","['Citrus', 'Spicy', 'Sweet', 'Green', 'Fruity', 'Fresh', 'Floral', 'Aquatic']","[24, 10, 5, 7, 12, 25, 9, 7]"
513,https://www.parfumo.com/Perfumes/Maison_Francis_Kurkdjian/724,724 ,Maison Francis Kurkdjian,2022,2020,"['Aldehydes', 'Calabrian bergamot', 'Lily of the valley', 'Egyptian jasminum grandiflorum absolute', 'Sweet pea', 'Freesia', 'Mock-orange', 'White musk', 'Indian sandalwood']","['Daily', 'Sport', 'Leisure', 'Night Out', 'Business', 'Evening']","[27, 15, 26, 5, 24, 4]",7.4,7.0,6.6,8.1,5.9,"['Winter', 'Fall', 'Summer', 'Spring']","[7, 18, 36, 38]","['Masculine', 'Feminine', 'Classic', 'Modern']","[29, 36, 15, 20]","['Citrus', 'Synthetic', 'Fresh', 'Creamy', 'Floral', 'Aquatic']","[17, 14, 30, 10, 25, 5]"
514,https://www.parfumo.com/Perfumes/billie-eilish/eilish-eau-de-parfum,Eilish ,Billie Eilish,2021,2020,"['Candied blossoms', 'Mandarin orange', 'Red berries', 'Vanilla', 'Cocoa', 'Spices', 'Tonka bean', 'Musk', 'Woods']","['Daily', 'Leisure', 'Night Out', 'Business', 'Evening']","[21, 24, 21, 10, 24]",7.7,7.6,7.1,7.2,8.0,"['Winter', 'Fall', 'Summer', 'Spring']","[40, 38, 6, 15]","['Masculine', 'Feminine', 'Classic', 'Modern']","[6, 53, 8, 33]","['Spicy', 'Synthetic', 'Sweet', 'Powdery', 'Gourmand', 'Fruity', 'Creamy', 'Floral']","[5, 5, 29, 7, 27, 6, 16, 5]"
515,https://www.parfumo.com/Perfumes/mugler/alien-goddess-eau-de-parfum,Alien Goddess ,Mugler,2021,2020,"['Coconut', 'Italian bergamot', 'Jasminum grandiflorum', 'Heliotrope', 'Bourbon vanilla', 'Cashmere wood']","['Daily', 'Leisure', 'Night Out', 'Business', 'Evening']","[23, 28, 19, 14, 16]",7.2,7.1,6.9,8.2,6.9,"['Winter', 'Fall', 'Summer', 'Spring']","[12, 21, 35, 32]","['Feminine', 'Classic', 'Modern']","[56, 12, 32]","['Synthetic', 'Sweet', 'Gourmand', 'Fruity', 'Creamy', 'Floral']","[10, 28, 10, 10, 23, 19]"
516,https://www.parfumo.com/Perfumes/Creed/absolu-aventus,Absolu Aventus  ,Creed,2023,2020,"['Grapefruit', 'Blackcurrant', 'Bergamot', 'Ginger', 'Lemon', 'Pineapple', 'Pink pepper', 'Cardamom', 'Cinnamon', 'Patchouli', 'Ambroxan', 'Cashmere wood', 'Haitian vetiver', 'Musk', 'Labdanum', 'Oakmoss']","['Daily', 'Sport', 'Leisure', 'Night Out', 'Business', 'Evening']","[19, 6, 20, 19, 18, 19]",8.4,7.6,7.2,8.2,5.0,"['Winter', 'Fall', 'Summer', 'Spring']","[21, 29, 21, 30]","['Masculine', 'Feminine', 'Classic', 'Modern']","[47, 5, 24, 24]","['Citrus', 'Spicy', 'Sweet', 'Smoky', 'Woody', 'Fruity', 'Fresh']","[16, 15, 8, 9, 15, 19, 17]"
517,https://www.parfumo.com/Perfumes/Narciso_Rodriguez/for-her-musc-noir,For Her Musc Noir  ,Narciso Rodriguez,2021,2020,"['Plum', 'Musk', 'Heliotrope', 'Rose', 'White cedar', 'Suede']","['Daily', 'Leisure', 'Night Out', 'Business', 'Evening']","[24, 23, 15, 21, 17]",7.9,7.1,6.7,8.1,7.6,"['Winter', 'Fall', 'Summer', 'Spring']","[24, 32, 15, 29]","['Feminine', 'Classic', 'Modern']","[55, 20, 24]","['Sweet', 'Powdery', 'Leathery', 'Fruity', 'Creamy', 'Floral']","[19, 12, 14, 22, 12, 21]"
518,https://www.parfumo.com/Perfumes/Louis_Vuitton/city-of-stars,City of Stars  ,Louis Vuitton,2022,2020,"['Tiaré', 'Blood orange', 'Red mandarin orange', 'Bergamot', 'Lime', 'Musk', 'Lemon', 'Sandalwood']","['Daily', 'Sport', 'Leisure', 'Night Out', 'Business', 'Evening']","[23, 9, 26, 15, 15, 11]",7.8,7.2,6.9,9.0,5.9,"['Fall', 'Summer', 'Spring']","[11, 47, 42]","['Masculine', 'Feminine', 'Classic', 'Modern']","[25, 39, 10, 26]","['Citrus', 'Sweet', 'Fruity', 'Fresh', 'Creamy', 'Floral']","[21, 15, 12, 18, 15, 20]"
519,https://www.parfumo.com/Perfumes/Goldfield__Banks/bohemian-lime,Bohemian Lime  ,Goldfield & Banks,2020,2020,"['Finger lime', 'Italian bergamot', 'Atlas cedar', 'Australian sandalwood', 'Coriander seed', 'Haitian vetiver']","['Daily', 'Sport', 'Leisure', 'Night Out', 'Business', 'Evening']","[25, 16, 26, 7, 20, 5]",7.9,7.1,6.8,7.8,6.9,"['Fall', 'Summer', 'Spring']","[11, 48, 41]","['Masculine', 'Feminine', 'Classic', 'Modern']","[44, 17, 14, 24]","['Citrus', 'Spicy', 'Woody', 'Green', 'Fruity', 'Fresh']","[29, 10, 16, 14, 6, 26]"
520,https://www.parfumo.com/Perfumes/Tom_Ford/noir-extreme-parfum,Noir Extreme Parfum  ,Tom Ford,2022,2020,"['Indian cardamom Orpur®', 'Kahili ginger', 'Amber', 'Gaiac wood', 'Cedar', 'Venezuelan tonka bean absolute', 'Sandalwood']","['Daily', 'Leisure', 'Night Out', 'Business', 'Evening']","[8, 18, 33, 8, 33]",8.3,8.0,7.7,7.7,6.9,"['Winter', 'Fall', 'Spring']","[41, 41, 18]","['Masculine', 'Feminine', 'Classic', 'Modern']","[47, 11, 24, 18]","['Spicy', 'Sweet', 'Smoky', 'Oriental', 'Leathery', 'Woody', 'Gourmand', 'Creamy']","[21, 18, 6, 15, 5, 17, 12, 6]"
521,https://www.parfumo.com/Perfumes/Roberto_Ugolini/giardino-di-boboli,Giardino di Boboli  ,Roberto Ugolini,2023,2020,"['Apple', 'Geranium', 'Green notes', 'Mint', 'Rose', 'Jasmine', 'Cedarwood', 'Iris', 'Ozonic notes', 'Musk', 'Amber', 'Powdery notes', 'Woody notes']","['Daily', 'Sport', 'Leisure', 'Night Out', 'Business', 'Evening']","[25, 10, 27, 11, 19, 9]",7.8,8.6,8.2,7.8,7.2,"['Winter', 'Fall', 'Summer', 'Spring']","[5, 15, 39, 41]","['Masculine', 'Feminine', 'Classic', 'Modern']","[36, 23, 15, 25]","['Synthetic', 'Sweet', 'Powdery', 'Green', 'Fruity', 'Fresh', 'Floral']","[8, 6, 6, 22, 15, 22, 20]"
697,https://www.parfumo.com/Perfumes/Louis_Vuitton/imagination,Imagination  ,Louis Vuitton,2021,2020,"['Chinese black tea CO2', 'Calabrian bergamot', 'Ambrox', 'Ceylonese cinnamon', 'Nigerian ginger', 'Sicilian cedar', 'Tunisian neroli']","['Daily', 'Sport', 'Leisure', 'Night Out', 'Business', 'Evening']","[24, 13, 23, 12, 18, 10]",8.9,7.8,7.6,8.7,6.3,"['Winter', 'Fall', 'Summer', 'Spring']","[5, 14, 43, 38]","['Masculine', 'Feminine', 'Classic', 'Modern']","[43, 13, 14, 30]","['Citrus', 'Spicy', 'Sweet', 'Green', 'Fruity', 'Fresh', 'Aquatic']","[27, 7, 5, 9, 5, 29, 17]"
698,https://www.parfumo.com/Perfumes/Jean_Paul_Gaultier/le-male-le-parfum,Le Mâle Le Parfum  ,Jean Paul Gaultier,2020,2020,"['Cardamom', 'Iris', 'Lavender', 'Vanilla', 'Oriental woods']","['Daily', 'Leisure', 'Night Out', 'Business', 'Evening']","[13, 18, 30, 9, 30]",8.4,8.1,7.7,8.3,8.2,"['Winter', 'Fall', 'Summer', 'Spring']","[37, 37, 6, 20]","['Masculine', 'Classic', 'Modern']","[51, 16, 33]","['Spicy', 'Sweet', 'Powdery', 'Oriental', 'Woody', 'Gourmand', 'Creamy']","[21, 26, 13, 13, 11, 7, 8]"
699,https://www.parfumo.com/Perfumes/Kilian/angels-share,Angels' Share  ,Kilian,2020,2020,"['Cognac', 'Cinnamon', 'Tonka bean absolute', 'Oak wood absolute', 'Praliné', 'Vanilla', 'Sandalwood']","['Daily', 'Leisure', 'Night Out', 'Business', 'Evening']","[6, 16, 36, 5, 37]",8.7,8.4,8.2,9.1,7.0,"['Winter', 'Fall', 'Spring']","[49, 42, 9]","['Masculine', 'Feminine', 'Classic', 'Modern']","[35, 30, 17, 18]","['Spicy', 'Sweet', 'Oriental', 'Woody', 'Gourmand', 'Creamy']","[20, 27, 9, 12, 26, 6]"
700,https://www.parfumo.com/Perfumes/Xerjoff/torino21,Torino21  ,XerJoff,2021,2020,"['Mint', 'Lemon', 'Basil', 'Thyme', 'Blackcurrant', 'Jasmine', 'Lavender', 'Rosemary', 'Musk', 'Vervain']","['Daily', 'Sport', 'Leisure', 'Night Out', 'Business', 'Evening']","[26, 16, 26, 9, 17, 7]",8.6,7.7,7.5,9.1,7.0,"['Fall', 'Summer', 'Spring']","[7, 52, 41]","['Masculine', 'Feminine', 'Classic', 'Modern']","[40, 17, 13, 29]","['Citrus', 'Spicy', 'Green', 'Fruity', 'Fresh', 'Floral', 'Aquatic']","[27, 7, 20, 5, 28, 5, 9]"
701,https://www.parfumo.com/Perfumes/Dior/sauvage-elixir,Sauvage Elixir  ,Dior,2021,2020,"['Nutmeg', 'Cardamom', 'Cinnamon', 'Grapefruit', 'Provençal lavender', 'Liquorice', 'Amber notes', 'Woods', 'Haitian vetiver', 'Patchouli']","['Daily', 'Leisure', 'Night Out', 'Business', 'Evening']","[13, 17, 28, 13, 29]",8.1,9.1,8.8,8.1,7.1,"['Winter', 'Fall', 'Summer', 'Spring']","[33, 35, 9, 22]","['Masculine', 'Classic', 'Modern']","[52, 27, 21]","['Spicy', 'Synthetic', 'Sweet', 'Oriental', 'Woody', 'Fresh', 'Fougère']","[28, 10, 16, 6, 22, 13, 6]"
702,https://www.parfumo.com/Perfumes/Parfums_de_Marly/althair,Althaïr  ,Parfums de Marly,2023,2020,"['Cinnamon', 'Orange blossom', 'Bergamot', 'Bourbon vanilla', 'Elemi resin', 'Praliné', 'Ambrox', 'Gaiac wood', 'Musk']","['Daily', 'Leisure', 'Night Out', 'Business', 'Evening']","[13, 18, 30, 8, 32]",8.3,8.4,8.1,8.0,6.9,"['Winter', 'Fall', 'Spring']","[44, 43, 13]","['Masculine', 'Feminine', 'Classic', 'Modern']","[40, 18, 15, 27]","['Spicy', 'Sweet', 'Powdery', 'Oriental', 'Woody', 'Gourmand', 'Creamy']","[14, 26, 5, 5, 8, 23, 18]"
703,https://www.parfumo.com/Perfumes/Xerjoff/tony-iommi-monkey-special,Tony Iommi Monkey Special  ,XerJoff,2021,2020,"['Passion fruit', 'Rum', 'Bulgarian geranium', 'Calabrian bergamot', 'Leather', 'Singapore patchouli', 'Bulgarian rose', 'Cinnamon', 'Caramel', 'Ambergris', 'Australian sandalwood', 'Labdanum', 'Tonka bean', 'Vanilla', 'Musk']","['Daily', 'Leisure', 'Night Out', 'Business', 'Evening']","[5, 17, 36, 4, 37]",8.5,9.0,8.7,9.2,7.0,"['Winter', 'Fall', 'Summer', 'Spring']","[38, 39, 6, 17]","['Masculine', 'Feminine', 'Classic', 'Modern']","[48, 9, 23, 19]","['Spicy', 'Sweet', 'Smoky', 'Oriental', 'Leathery', 'Woody', 'Gourmand', 'Fruity']","[19, 19, 8, 7, 18, 11, 7, 12]"
704,https://www.parfumo.com/Perfumes/Lattafa/khamrah,Khamrah  ,Lattafa / لطافة,2022,2020,"['Cinnamon', 'Nutmeg', 'Bergamot', 'Date', 'Praliné', 'Mahonial®', 'Tuberose', 'Roasted tonka bean', 'Vanilla', 'Amberwood', 'Benzoin Siam', 'Akigalawood®', 'Myrrh']","['Daily', 'Leisure', 'Night Out', 'Business', 'Evening']","[9, 18, 33, 5, 35]",8.1,8.5,8.2,8.2,9.3,"['Winter', 'Fall', 'Spring']","[49, 42, 9]","['Masculine', 'Feminine', 'Classic', 'Modern']","[35, 28, 15, 22]","['Spicy', 'Sweet', 'Oriental', 'Woody', 'Gourmand', 'Creamy']","[16, 26, 17, 6, 24, 10]"
705,https://www.parfumo.com/Perfumes/Zara/sunrise-on-the-red-sand-dunes-eau-de-parfum,Sunrise on the Red Sand Dunes ,Zara,2023,2020,"['Bergamot', 'Mandarin orange', 'Amber', 'Blackcurrant', 'Ginger', 'Orange blossom', 'Tonka bean']","['Daily', 'Sport', 'Leisure', 'Night Out', 'Business', 'Evening']","[26, 17, 25, 8, 18, 7]",8.1,6.5,6.5,6.6,9.2,"['Fall', 'Summer', 'Spring']","[12, 47, 41]","['Masculine', 'Feminine', 'Classic', 'Modern']","[40, 17, 11, 32]","['Citrus', 'Synthetic', 'Sweet', 'Fruity', 'Fresh', 'Aquatic']","[27, 9, 11, 19, 27, 6]"
706,https://www.parfumo.com/Perfumes/Jean_Paul_Gaultier/le-male-elixir,Le Mâle Elixir  ,Jean Paul Gaultier,2023,2020,"['Tonka bean', 'Benzoin', 'Lavender', 'Artemisia', 'Bergamot', 'Cinnamon', 'Labdanum', 'Patchouli', 'Spearmint']","['Daily', 'Leisure', 'Night Out', 'Business', 'Evening']","[9, 20, 33, 5, 33]",8.3,8.6,8.3,8.6,8.1,"['Winter', 'Fall', 'Spring']","[43, 40, 16]","['Masculine', 'Feminine', 'Classic', 'Modern']","[46, 8, 10, 35]","['Spicy', 'Synthetic', 'Sweet', 'Powdery', 'Oriental', 'Gourmand', 'Creamy']","[14, 6, 28, 8, 6, 22, 16]"
707,https://www.parfumo.com/Perfumes/marc-gebauer/orange-flamingo,Orange Flamingo  ,Marc Gebauer,2021,2020,"['Orange blossom', 'Orange', 'Bergamot', 'Lily of the valley', 'Jasmine', 'Rose', 'Cedarwood', 'Clove', 'Musk', 'Woody notes']","['Daily', 'Sport', 'Leisure', 'Night Out', 'Business', 'Evening']","[25, 11, 25, 11, 18, 9]",8.0,9.0,8.5,6.9,7.1,"['Winter', 'Fall', 'Summer', 'Spring']","[7, 15, 40, 38]","['Masculine', 'Feminine', 'Classic', 'Modern']","[35, 27, 14, 24]","['Citrus', 'Sweet', 'Fruity', 'Fresh', 'Creamy', 'Floral']","[16, 10, 19, 25, 6, 23]"
708,https://www.parfumo.com/Perfumes/Yves_Saint_Laurent/la-nuit-de-l-homme-bleu-electrique,La Nuit de L'Homme Bleu Électrique  ,Yves Saint Laurent,2021,2020,"['Cardamom', 'Ginger', 'Bergamot', 'French lavender', 'Geranium', 'Cedarwood', 'Vetiver']","['Daily', 'Leisure', 'Night Out', 'Business', 'Evening']","[18, 20, 24, 14, 25]",8.5,7.2,7.0,7.8,7.7,"['Winter', 'Fall', 'Summer', 'Spring']","[23, 31, 17, 29]","['Masculine', 'Feminine', 'Classic', 'Modern']","[47, 4, 16, 32]","['Spicy', 'Synthetic', 'Sweet', 'Oriental', 'Woody', 'Fresh', 'Floral']","[26, 7, 24, 5, 11, 21, 6]"
709,https://www.parfumo.com/Perfumes/Essential_Parfums/bois-imperial-eau-de-parfum-1,Bois Impérial ,Essential Parfums,2020,2020,"['Akigalawood®', 'Ambrofix', 'Georgywood®', 'Thai basil', 'Nepalese sichuan pepper', 'Grapefruit', 'Haitian vetiver', 'Petalia®', 'Indonesian patchouli']","['Daily', 'Sport', 'Leisure', 'Night Out', 'Business', 'Evening']","[25, 9, 23, 11, 21, 11]",8.1,8.6,8.2,7.3,8.8,"['Winter', 'Fall', 'Summer', 'Spring']","[15, 27, 27, 31]","['Masculine', 'Feminine', 'Classic', 'Modern']","[43, 12, 18, 27]","['Citrus', 'Spicy', 'Synthetic', 'Woody', 'Green', 'Fresh']","[7, 15, 20, 24, 10, 24]"
710,https://www.parfumo.com/Perfumes/Initio/musk-therapy-extrait-de-parfum,Musk Therapy ,Initio,2021,2020,"['White musk', 'Mandarin orange', 'Blackcurrant', 'Pink musk', 'Bergamot', 'Indian sandalwood', 'Magnolia']","['Daily', 'Sport', 'Leisure', 'Night Out', 'Business', 'Evening']","[25, 6, 25, 12, 20, 12]",8.2,8.0,7.3,8.5,6.5,"['Winter', 'Fall', 'Summer', 'Spring']","[14, 23, 29, 33]","['Masculine', 'Feminine', 'Classic', 'Modern']","[22, 41, 14, 23]","['Citrus', 'Sweet', 'Powdery', 'Fruity', 'Fresh', 'Creamy', 'Floral']","[8, 16, 9, 15, 17, 23, 12]"
711,https://www.parfumo.com/Perfumes/Missoni/missoni-wave,Missoni Wave  ,Missoni,2020,2020,"['Italian mandarin orange', 'Marine notes', 'Clary sage', 'Egyptian  pelargonium', 'Lavender', 'Rosemary', 'Vanilla orchid', 'Haitian vetiver', 'Oakmoss', 'Patchouli']","['Daily', 'Sport', 'Leisure', 'Night Out', 'Business', 'Evening']","[25, 20, 25, 6, 19, 5]",8.0,7.3,7.0,8.0,9.0,"['Fall', 'Summer', 'Spring']","[13, 47, 40]","['Masculine', 'Feminine', 'Classic', 'Modern']","[47, 5, 13, 35]","['Citrus', 'Synthetic', 'Sweet', 'Fresh', 'Creamy', 'Aquatic']","[21, 6, 9, 27, 12, 25]"
712,https://www.parfumo.com/Perfumes/Louis_Vuitton/pacific-chill,Pacific Chill  ,Louis Vuitton,2023,2020,"['Apricot', 'Orange', 'Peppermint', 'Ambrette seed', 'Basil', 'Blackcurrant', 'Citron', 'Date', 'Fig', 'Lemon', 'Carrot seed', 'Coriander seed', 'May rose']","['Daily', 'Sport', 'Leisure', 'Night Out', 'Business', 'Evening']","[25, 14, 26, 11, 15, 8]",8.3,6.8,6.8,9.0,5.7,"['Fall', 'Summer', 'Spring']","[6, 55, 39]","['Masculine', 'Feminine', 'Classic', 'Modern']","[35, 27, 8, 31]","['Citrus', 'Sweet', 'Green', 'Fruity', 'Fresh', 'Aquatic']","[20, 16, 11, 24, 23, 7]"
713,https://www.parfumo.com/Perfumes/Giorgio_Armani/acqua-di-gio-profondo-2020-eau-de-parfum,Acqua di Giò Profondo ,Giorgio Armani,2020,2020,"['Aquozone', 'Bergamot', 'Brazilian green mandarin orange', 'Mastic absolute', 'Cypress', 'Lavender', 'Rosemary', 'Mineral amber', 'Musk', 'Guatemala patchouly']","['Daily', 'Sport', 'Leisure', 'Night Out', 'Business', 'Evening']","[24, 16, 24, 8, 20, 7]",7.6,6.8,6.6,7.6,7.0,"['Winter', 'Fall', 'Summer', 'Spring']","[6, 14, 42, 38]","['Masculine', 'Classic', 'Modern']","[48, 20, 32]","['Citrus', 'Spicy', 'Synthetic', 'Woody', 'Green', 'Fresh', 'Aquatic']","[17, 8, 10, 6, 5, 26, 27]"
714,https://www.parfumo.com/Perfumes/Dior/dior-homme-2020-eau-de-toilette,Dior Homme ,Dior,2020,2020,"['Bergamot', 'Elemi resin', 'Pink pepper', 'Atlas cedar', 'Patchouli', 'Haitian vetiver', 'Musk']","['Daily', 'Sport', 'Leisure', 'Night Out', 'Business', 'Evening']","[24, 7, 22, 12, 22, 13]",7.7,7.2,6.8,8.2,7.3,"['Winter', 'Fall', 'Summer', 'Spring']","[17, 29, 23, 31]","['Masculine', 'Classic', 'Modern']","[49, 25, 27]","['Citrus', 'Spicy', 'Synthetic', 'Woody', 'Resinous', 'Fresh']","[15, 19, 8, 29, 5, 24]"
715,https://www.parfumo.com/Perfumes/Givenchy/gentleman-givenchy-reserve-privee,Gentleman Givenchy Réserve Privée  ,Givenchy,2022,2020,"['Scotch whisky absolute', 'Italian bergamot', 'Chestnut', 'Italian iris concrete', 'Benzoin Siam', 'Indonesian patchouli', 'Virginia cedar', 'Haitian vetiver']","['Daily', 'Leisure', 'Night Out', 'Business', 'Evening']","[10, 16, 30, 11, 33]",8.3,7.9,7.5,8.0,7.9,"['Winter', 'Fall', 'Spring']","[42, 43, 15]","['Masculine', 'Classic', 'Modern']","[51, 30, 19]","['Spicy', 'Sweet', 'Powdery', 'Woody', 'Gourmand', 'Creamy']","[20, 22, 19, 17, 10, 12]"
716,https://www.parfumo.com/Perfumes/Parfums_de_Marly/greenley,Greenley  ,Parfums de Marly,2020,2020,"['Green apple', 'Cashmere wood', 'Mandarin orange', 'Sicilian bergamot', 'Pomarose®', 'Cedarwood', 'Petitgrain', 'Violet', 'Amberwood', 'Musk', 'Oakmoss']",[],[],7.8,7.4,7.1,8.5,6.3,[],[],[],[],[],[]
717,https://www.parfumo.com/Perfumes/Clive_Christian/xxi-art-deco-blonde-amber,XXI: Art Deco - Blonde Amber  ,Clive Christian,2022,2020,"['Amber', 'Dried fruits', 'Tonka bean', 'Blond tobacco', 'Bitter orange', 'Jasmine', 'Tuberose']","['Daily', 'Leisure', 'Night Out', 'Business', 'Evening']","[7, 13, 37, 6, 36]",9.0,8.4,8.1,8.9,5.2,"['Winter', 'Fall', 'Summer', 'Spring']","[36, 38, 7, 20]","['Masculine', 'Feminine', 'Classic', 'Modern']","[39, 20, 20, 21]","['Spicy', 'Sweet', 'Oriental', 'Woody', 'Resinous', 'Gourmand', 'Fruity', 'Creamy', 'Floral']","[18, 23, 11, 6, 6, 7, 7, 15, 7]"
718,https://www.parfumo.com/Perfumes/Giorgio_Armani/emporio-armani-stronger-with-you-absolutely,Emporio Armani - Stronger With You Absolutely  ,Giorgio Armani,2021,2020,"['Rum', 'Elemi resin', 'Bergamot', 'Davana', 'Lavender', 'Marron glacé', 'Bourbon vanilla', 'Cedarwood', 'Patchouli']","['Daily', 'Leisure', 'Night Out', 'Business', 'Evening']","[9, 16, 33, 6, 36]",8.3,8.4,8.2,7.7,8.0,"['Winter', 'Fall', 'Spring']","[47, 43, 10]","['Masculine', 'Feminine', 'Classic', 'Modern']","[48, 6, 17, 29]","['Spicy', 'Sweet', 'Oriental', 'Woody', 'Resinous', 'Gourmand']","[19, 28, 11, 13, 6, 23]"
719,https://www.parfumo.com/Perfumes/Versace/eros-eau-de-parfum,Eros ,Versace,2020,2020,"['Italian lemon', 'Spearmint', 'Candied apple', 'Italian mandarin orange', 'Ambermax®', 'Clary sage', 'Geranium', 'Patchouli Orpur®', 'Sandalwood', 'Vanilla', 'Virginia cedar', 'Vetiver Orpur®', 'Leather']","['Daily', 'Sport', 'Leisure', 'Night Out', 'Business', 'Evening']","[16, 7, 21, 24, 9, 22]",7.8,7.7,7.6,8.1,7.8,"['Winter', 'Fall', 'Summer', 'Spring']","[19, 26, 25, 30]","['Masculine', 'Classic', 'Modern']","[48, 8, 44]","['Citrus', 'Spicy', 'Synthetic', 'Sweet', 'Fruity', 'Fresh']","[18, 6, 12, 24, 16, 24]"
720,https://www.parfumo.com/Perfumes/Parfums_de_Marly/haltane,Haltane  ,Parfums de Marly,2021,2020,"['Clary sage', 'Lavender', 'Bergamot', 'Saffron', 'Praliné', 'Cedarwood', 'Elder wood', 'Musk', 'Oud', 'Leather', 'Patchouli', 'Vetiver']","['Daily', 'Leisure', 'Night Out', 'Business', 'Evening']","[12, 17, 29, 11, 31]",8.3,8.3,8.0,8.5,6.7,"['Winter', 'Fall', 'Summer', 'Spring']","[36, 38, 5, 20]","['Masculine', 'Feminine', 'Classic', 'Modern']","[51, 4, 30, 15]","['Spicy', 'Sweet', 'Oriental', 'Leathery', 'Woody', 'Resinous', 'Green']","[23, 16, 17, 10, 23, 6, 5]"
721,https://www.parfumo.com/Perfumes/marc-gebauer/air-tiger,Air Tiger  ,Marc Gebauer,2021,2020,"['Juniper', 'Cardamom', 'Sicilian lemon', 'Leather', 'Patchouli', 'Cedar', 'Iris', 'Labdanum', 'Woods', 'Amber', 'Benzoin']","['Daily', 'Leisure', 'Night Out', 'Business', 'Evening']","[8, 19, 30, 8, 35]",7.0,9.7,9.6,6.8,7.4,"['Winter', 'Fall', 'Summer', 'Spring']","[37, 37, 7, 19]","['Masculine', 'Classic', 'Modern']","[55, 32, 13]","['Spicy', 'Smoky', 'Oriental', 'Leathery', 'Woody', 'Resinous', 'Earthy', 'Animal']","[20, 13, 9, 18, 18, 9, 8, 6]"
722,https://www.parfumo.com/Perfumes/Jean_Paul_Gaultier/le-beau-le-parfum,Le Beau Le Parfum  ,Jean Paul Gaultier,2022,2020,"['Coconut', 'Pineapple', 'Ambergris', 'Sandalwood', 'Tonka bean', 'Cypress', 'Ginger', 'Iris', 'Patchouli']",[],[],8.0,8.1,7.8,8.8,7.9,[],[],[],[],[],[]
723,https://www.parfumo.com/Perfumes/Maison_Crivelli/oud-maracuja,Oud Maracujá  ,Maison Crivelli,2023,2020,"['Passion fruit', 'Leather', 'Oud', 'Akigalawood®', 'Saffron', 'Siam benzoin Orpur®', 'Spanish cistus absolute Orpur®', 'Turkish rose absolute Orpur®', 'Indonesian patchouli Orpur®', 'Vanilla']","['Daily', 'Leisure', 'Night Out', 'Business', 'Evening']","[6, 19, 35, 4, 35]",8.3,9.2,8.9,7.6,7.0,"['Winter', 'Fall', 'Summer', 'Spring']","[34, 35, 9, 21]","['Masculine', 'Feminine', 'Classic', 'Modern']","[46, 12, 19, 23]","['Spicy', 'Sweet', 'Smoky', 'Oriental', 'Leathery', 'Woody', 'Fruity', 'Animal']","[12, 8, 7, 13, 18, 15, 21, 6]"
724,https://www.parfumo.com/Perfumes/Amouage/reflection-45,Reflection 45  ,Amouage,2021,2020,"['Benzoin', 'Cardamom', 'Clary sage', 'Pink pepper', 'Lavender', 'Juniper berry', 'Iris', 'Jasmine', 'Neroli', 'Angelica', 'Tonka bean', 'Vanilla', 'Sandalwood', 'Cedarwood', 'Frankincense', 'Myrrh', 'Opoponax', 'Patchouli', 'Vetiver']","['Daily', 'Leisure', 'Night Out', 'Business', 'Evening']","[19, 19, 22, 18, 22]",8.8,8.8,7.8,9.3,6.0,"['Winter', 'Fall', 'Summer', 'Spring']","[24, 30, 18, 29]","['Masculine', 'Feminine', 'Classic', 'Modern']","[46, 6, 27, 21]","['Spicy', 'Sweet', 'Powdery', 'Oriental', 'Woody', 'Resinous', 'Fresh', 'Creamy', 'Floral']","[15, 7, 16, 6, 14, 5, 11, 7, 19]"
725,https://www.parfumo.com/Perfumes/bdk_Parfums/gris-charnel-extrait,Gris Charnel ,bdk Parfums,2022,2020,"['Cardamom', 'Fig', 'Black tea', 'Iris tingitana absolute', 'Bourbon vetiver', 'Cistus', 'Bourbon vanilla absolute', 'Indonesian patchouli', 'American cedar', 'Brazilian tonka bean absolute', 'Sandalwood']","['Daily', 'Leisure', 'Night Out', 'Business', 'Evening']","[13, 19, 28, 12, 28]",8.5,8.5,8.0,8.2,7.2,"['Winter', 'Fall', 'Summer', 'Spring']","[35, 38, 5, 21]","['Masculine', 'Feminine', 'Classic', 'Modern']","[37, 26, 18, 19]","['Spicy', 'Sweet', 'Smoky', 'Powdery', 'Woody', 'Fruity', 'Creamy']","[23, 19, 10, 6, 20, 6, 17]"
726,https://www.parfumo.com/Perfumes/Yves_Saint_Laurent/libre-eau-de-parfum-intense,Libre ,Yves Saint Laurent,2020,2020,"['Bergamot', 'French lavender', 'Mandarin orange', 'Lavender', 'Moroccan orange blossom absolute', 'Jasmine sambac absolute', 'Orchid', 'Venezuelan tonka bean absolute', 'Bourbon vanilla', 'Ambergris', 'Vetiver']",[],[],8.2,8.4,8.1,8.7,8.0,[],[],[],[],[],[]
727,https://www.parfumo.com/Perfumes/Lattafa/liam,Liam  ,Lattafa / لطافة,2023,2020,"['Cardamom', 'Black tea', 'Fig', 'Labdanum', 'Iris', 'Vetiver', 'Vanilla', 'Sandalwood', 'Tonka bean', 'Patchouli']","['Daily', 'Leisure', 'Night Out', 'Business', 'Evening']","[21, 22, 18, 18, 21]",8.3,7.8,7.4,7.2,9.3,"['Winter', 'Fall', 'Summer', 'Spring']","[25, 33, 13, 29]","['Masculine', 'Feminine', 'Classic', 'Modern']","[36, 23, 15, 25]","['Spicy', 'Sweet', 'Powdery', 'Oriental', 'Woody', 'Fruity', 'Fresh', 'Creamy']","[19, 22, 11, 6, 9, 6, 5, 22]"
728,https://www.parfumo.com/Perfumes/Yves_Saint_Laurent/le-vestiaire-babycat,Le Vestiaire - Babycat  ,Yves Saint Laurent,2022,2020,"['Elemi resin', 'Black pepper', 'Pink pepper', 'Frankincense', 'Frankincense resin', 'Saffron', 'Vanilla', 'Suede', 'Cedarwood']","['Daily', 'Leisure', 'Night Out', 'Business', 'Evening']","[8, 17, 33, 7, 35]",8.3,8.5,8.1,8.3,6.9,"['Winter', 'Fall', 'Spring']","[43, 43, 13]","['Masculine', 'Feminine', 'Classic', 'Modern']","[31, 34, 19, 16]","['Spicy', 'Sweet', 'Smoky', 'Oriental', 'Leathery', 'Woody', 'Resinous', 'Gourmand', 'Creamy']","[16, 19, 18, 7, 11, 7, 13, 6, 5]"
729,https://www.parfumo.com/Perfumes/Hermes/h24-eau-de-toilette,H24 ,Hermès,2021,2020,"['Clary sage', 'Sclarene', 'Narcissus absolute', 'Rosewood']","['Daily', 'Sport', 'Leisure', 'Night Out', 'Business', 'Evening']","[26, 13, 25, 6, 23, 7]",7.4,7.1,6.7,7.3,6.9,"['Winter', 'Fall', 'Summer', 'Spring']","[6, 20, 36, 38]","['Masculine', 'Feminine', 'Classic', 'Modern']","[45, 11, 19, 24]","['Citrus', 'Spicy', 'Synthetic', 'Woody', 'Green', 'Fruity', 'Fresh', 'Floral']","[11, 7, 9, 11, 21, 6, 23, 10]"
730,https://www.parfumo.com/Perfumes/Xerjoff/torino22,Torino22  ,XerJoff,2022,2020,"['Saffron', 'Eucalyptus', 'Bergamot', 'Clary sage', 'Maté', 'Gaiac wood', 'Musk', 'Dry woods']","['Daily', 'Sport', 'Leisure', 'Night Out', 'Business', 'Evening']","[20, 4, 21, 20, 15, 19]",8.2,8.3,7.9,9.1,7.1,"['Winter', 'Fall', 'Summer', 'Spring']","[20, 28, 22, 30]","['Masculine', 'Feminine', 'Classic', 'Modern']","[42, 21, 13, 24]","['Citrus', 'Spicy', 'Sweet', 'Woody', 'Green', 'Fresh', 'Creamy']","[5, 22, 23, 17, 6, 18, 9]"
731,https://www.parfumo.com/Perfumes/Parfums_de_Marly/perseus,Perseus  ,Parfums de Marly,2024,2020,"['Grapefruit', 'Bergamot', 'Blackcurrant bud', 'Vetiver', 'Geranium', 'Green mandarin orange', 'Cashmere wood', 'Dry woods', 'Ambergris']","['Daily', 'Sport', 'Leisure', 'Night Out', 'Business', 'Evening']","[24, 14, 25, 10, 19, 8]",7.6,7.8,7.4,8.2,6.1,"['Fall', 'Summer', 'Spring']","[15, 45, 40]","['Masculine', 'Feminine', 'Classic', 'Modern']","[44, 11, 17, 28]","['Citrus', 'Spicy', 'Woody', 'Green', 'Fruity', 'Fresh']","[27, 6, 16, 12, 14, 25]"
732,https://www.parfumo.com/Perfumes/Givenchy/l-interdit-eau-de-parfum-rouge,L'Interdit ,Givenchy,2021,2020,"['Sicilian blood orange', 'Ginger', 'Pimento leaf', 'Tuberose', 'Indian jasmine sambac absolute', 'Tunisian orange blossom absolute', 'New Caledonian sandalwood', 'Indonesian patchouli']","['Daily', 'Leisure', 'Night Out', 'Business', 'Evening']","[11, 16, 32, 8, 33]",8.4,8.5,8.2,8.3,8.1,"['Winter', 'Fall', 'Summer', 'Spring']","[38, 39, 8, 16]","['Masculine', 'Feminine', 'Classic', 'Modern']","[5, 52, 23, 20]","['Spicy', 'Sweet', 'Powdery', 'Oriental', 'Woody', 'Fruity', 'Creamy', 'Floral']","[19, 22, 6, 12, 6, 9, 8, 19]"
733,https://www.parfumo.com/Perfumes/Hermes/terre-d-hermes-eau-givree,Terre d'Hermès Eau Givrée  ,Hermès,2022,2020,"['Citron', 'Juniper berry', 'Nepalese sichuan pepper']","['Daily', 'Sport', 'Leisure', 'Night Out', 'Business', 'Evening']","[26, 15, 25, 7, 21, 7]",8.3,7.0,6.8,7.8,7.4,"['Winter', 'Fall', 'Summer', 'Spring']","[4, 16, 43, 37]","['Masculine', 'Feminine', 'Classic', 'Modern']","[44, 8, 23, 25]","['Citrus', 'Spicy', 'Woody', 'Green', 'Fruity', 'Fresh', 'Earthy']","[26, 13, 15, 11, 5, 25, 6]"
734,https://www.parfumo.com/Perfumes/Roja_Parfums/isola-blu-parfum-oligarch-parfum,Isola Blu ,Roja Parfums,2022,2020,"['Lime', 'Bergamot', 'Lavender', 'Thyme', 'Lemon', 'Blackcurrant', 'Champaca flower', 'Orange blossom', 'Apple', 'Grasse jasmine', 'Coconut', 'Lily', 'Juniper berry', 'Cedarwood', 'Grass', 'Oakmoss', 'Patchouli', 'Amber', 'Ambergris', 'Aniseed', 'Birch', 'Galbanum', 'Iris', 'Leather', 'Maté', 'Musk', 'Pink pepper', 'Vanilla', 'Tonka bean']","['Daily', 'Sport', 'Leisure', 'Night Out', 'Business', 'Evening']","[21, 8, 21, 17, 20, 13]",8.7,8.0,7.7,9.3,5.6,"['Winter', 'Fall', 'Summer', 'Spring']","[7, 19, 38, 36]","['Masculine', 'Feminine', 'Classic', 'Modern']","[46, 9, 25, 19]","['Citrus', 'Spicy', 'Woody', 'Green', 'Fruity', 'Fresh', 'Floral']","[23, 15, 13, 13, 7, 23, 6]"
735,https://www.parfumo.com/Perfumes/Yves_Saint_Laurent/myslf,Myslf  ,Yves Saint Laurent,2023,2020,"['Calabrian bergamot', 'Bergamot leaf', 'Tunisian orange blossom absolute', 'Ambrofix', 'Woods', 'Indonesian patchouli']","['Daily', 'Sport', 'Leisure', 'Night Out', 'Business', 'Evening']","[24, 11, 24, 11, 18, 12]",7.1,7.0,6.8,7.5,6.6,"['Winter', 'Fall', 'Summer', 'Spring']","[13, 25, 29, 33]","['Masculine', 'Feminine', 'Classic', 'Modern']","[44, 9, 11, 37]","['Citrus', 'Spicy', 'Synthetic', 'Sweet', 'Woody', 'Fruity', 'Fresh', 'Floral']","[9, 5, 18, 13, 14, 5, 22, 14]"
736,https://www.parfumo.com/Perfumes/Initio/paragon,Paragon  ,Initio,2022,2020,"['White sage', 'Lavender', 'Bergamot', 'Plum', 'Palo Santo', 'Black pepper', 'Sandalwood', 'Oud']","['Daily', 'Leisure', 'Night Out', 'Business', 'Evening']","[21, 23, 20, 15, 21]",8.2,8.1,7.6,8.6,6.8,"['Winter', 'Fall', 'Summer', 'Spring']","[25, 33, 14, 28]","['Masculine', 'Feminine', 'Classic', 'Modern']","[34, 31, 13, 23]","['Spicy', 'Sweet', 'Woody', 'Fruity', 'Fresh', 'Creamy']","[16, 19, 17, 20, 8, 20]"
737,https://www.parfumo.com/Perfumes/Prada/luna-rossa-ocean-eau-de-toilette,Luna Rossa Ocean ,Prada,2021,2020,"['Bergamot', 'Pink pepper', 'Mugwort', 'Iris', 'Sage', 'Lavender', 'Saffron', 'Suede', 'Musk', 'Haitian vetiver', 'Patchouli']","['Daily', 'Sport', 'Leisure', 'Night Out', 'Business', 'Evening']","[23, 18, 24, 9, 19, 8]",7.0,6.5,6.3,7.4,6.5,"['Winter', 'Fall', 'Summer', 'Spring']","[7, 22, 37, 35]","['Masculine', 'Classic', 'Modern']","[51, 13, 36]","['Citrus', 'Spicy', 'Synthetic', 'Sweet', 'Powdery', 'Fresh', 'Aquatic']","[13, 11, 14, 9, 5, 26, 22]"
738,https://www.parfumo.com/Perfumes/Tom_Ford/bitter-peach-eau-de-parfum,Bitter Peach ,Tom Ford,2020,2020,"['Wild peach', 'Sicilian blood orange', 'Cardamom', 'Cognac', 'Davana', 'Heliotrope', 'Jasmine sambac absolute', 'Rum absolute', 'New Caledonian sandalwood', 'Vanilla', 'Benzoin', 'Cashmeran', 'Indonesian patchouli', 'Labdanum absolute', 'Styrax', 'Tonka bean absolute']","['Daily', 'Leisure', 'Night Out', 'Business', 'Evening']","[21, 27, 22, 11, 19]",7.4,7.4,7.2,8.2,5.2,"['Winter', 'Fall', 'Summer', 'Spring']","[11, 22, 32, 34]","['Masculine', 'Feminine', 'Classic', 'Modern']","[26, 38, 11, 26]","['Spicy', 'Synthetic', 'Sweet', 'Gourmand', 'Fruity', 'Fresh', 'Creamy', 'Floral']","[8, 7, 25, 11, 27, 7, 9, 6]"
